"Abasi Afgano‎","https://colnect.com/es/coins/countries/currency/1919-Abasi_Afgano"
"Abazi de Georgia - აბაზი‎","https://colnect.com/es/coins/countries/currency/1411-%E1%83%90%E1%83%91%E1%83%90%E1%83%96%E1%83%98_-_Abazi_de_Georgia"
"Abbasi Armenio‎","https://colnect.com/es/coins/countries/currency/2802-Abbasi_Armenio"
"Abbasi de Ceilán‎","https://colnect.com/es/coins/countries/currency/2186-Abbasi_de_Ceil%C3%A1n"
"Abbasi Irani‎","https://colnect.com/es/coins/countries/currency/2305-Abbasi_Irani"
"Acke del Kanato de Crimea‎","https://colnect.com/es/coins/countries/currency/1583-Acke_del_Kanato_de_Crimea"
"acke sirio‎","https://colnect.com/es/coins/countries/currency/2159-acke_sirio"
"Ackey de Costa de Oro‎","https://colnect.com/es/coins/countries/currency/1711-Ackey_de_Costa_de_Oro"
"Adelaide pound, Australia‎","https://colnect.com/es/coins/countries/currency/2456-Adelaide_pound_Australia"
"Adhio Indio‎","https://colnect.com/es/coins/list/currency/1497-Adhio_Indio"
"Afghani Afgano - ؋‎","https://colnect.com/es/coins/countries/currency/69-%D8%8B_-_Afghani_Afgano"
"Agora Israelí‎","https://colnect.com/es/coins/countries/currency/311-Agora_Israel%C3%AD"
"Ahmadi riyal Yemeni‎","https://colnect.com/es/coins/countries/currency/2196-Ahmadi_riyal_Yemeni"
"Akce del Principado de Moldavia‎","https://colnect.com/es/coins/list/currency/1703-Akce_del_Principado_de_Moldavia"
"Akce Egipcio‎","https://colnect.com/es/coins/countries/currency/2106-Akce_Egipcio"
"Akce iraquí‎","https://colnect.com/es/coins/countries/currency/2271-Akce_iraqu%C3%AD"
"Akce tunecino‎","https://colnect.com/es/coins/list/currency/2563-Akce_tunecino"
"Akce Turco‎","https://colnect.com/es/coins/countries/currency/1517-Akce_Turco"
"Akchen Egipcio‎","https://colnect.com/es/coins/list/currency/2104-Akchen_Egipcio"
"Albertin de los Países Bajos españoles‎","https://colnect.com/es/coins/countries/currency/1738-Albertin_de_los_Pa%C3%ADses_Bajos_espa%C3%B1oles"
"Albus suizo‎","https://colnect.com/es/coins/list/currency/2520-Albus_suizo"
"Albus, Estados alemanes‎","https://colnect.com/es/coins/countries/currency/2450-Albus_Estados_alemanes"
"Altin adli turco‎","https://colnect.com/es/coins/countries/currency/2139-Altin_adli_turco"
"Altin Egipcio‎","https://colnect.com/es/coins/countries/currency/2112-Altin_Egipcio"
"Altin Iraqi‎","https://colnect.com/es/coins/countries/currency/2270-Altin_Iraqi"
"Altin sirio‎","https://colnect.com/es/coins/countries/currency/2160-Altin_sirio"
"Altin turco‎","https://colnect.com/es/coins/countries/currency/2570-Altin_turco"
"Altun armenio‎","https://colnect.com/es/coins/list/currency/2803-Altun_armenio"
"Amani afgano‎","https://colnect.com/es/coins/countries/currency/2125-Amani_afgano"
"Amman Cash Indio‎","https://colnect.com/es/coins/list/currency/1505-Amman_Cash_Indio"
"Ángel de la Isla de Man‎","https://colnect.com/es/coins/countries/currency/1948-%C3%81ngel_de_la_Isla_de_Man"
"Ángel, Gran Bretaña‎","https://colnect.com/es/coins/countries/currency/2336-%C3%81ngel_Gran_Breta%C3%B1a"
"Angelot Francés‎","https://colnect.com/es/coins/countries/currency/3000-Angelot_Franc%C3%A9s"
"Angster suizo‎","https://colnect.com/es/coins/countries/currency/2526-Angster_suizo"
"Anna de la India francesa‎","https://colnect.com/es/coins/list/currency/2281-Anna_de_la_India_francesa"
"Anna de Mombasa‎","https://colnect.com/es/coins/list/currency/1765-Anna_de_Mombasa"
"Anna Indio - A‎","https://colnect.com/es/coins/countries/currency/1418-A_-_Anna_Indio"
"Anna Omaní‎","https://colnect.com/es/coins/countries/currency/1768-Anna_Oman%C3%AD"
"Anna Pakistaní - A‎","https://colnect.com/es/coins/countries/currency/1453-A_-_Anna_Pakistan%C3%AD"
"Anna yemení‎","https://colnect.com/es/coins/countries/currency/2785-Anna_yemen%C3%AD"
"Antoniniano del Imperio Romano‎","https://colnect.com/es/coins/countries/currency/1921-Antoniniano_del_Imperio_Romano"
"Apsar de Abjasia‎","https://colnect.com/es/coins/countries/currency/574-Apsar_de_Abjasia"
"Ardite, España‎","https://colnect.com/es/coins/countries/currency/2484-Ardite_Espa%C3%B1a"
"Arendschelling neerlandés‎","https://colnect.com/es/coins/countries/currency/2847-Arendschelling_neerland%C3%A9s"
"Ariary malgache - Ar‎","https://colnect.com/es/coins/countries/currency/154-Ar_-_Ariary_malgache"
"Armellino de los Estados italianos‎","https://colnect.com/es/coins/countries/currency/2716-Armellino_de_los_Estados_italianos"
"As del Imperio Romano‎","https://colnect.com/es/coins/countries/currency/1890-As_del_Imperio_Romano"
"As español‎","https://colnect.com/es/coins/countries/currency/2592-As_espa%C3%B1ol"
"Asarfi nepalí‎","https://colnect.com/es/coins/countries/currency/1873-Asarfi_nepal%C3%AD"
"Ashrafi Afgano‎","https://colnect.com/es/coins/countries/currency/1670-Ashrafi_Afgano"
"Ashrafi Egipcio‎","https://colnect.com/es/coins/countries/currency/2111-Ashrafi_Egipcio"
"Ashrafi Irani‎","https://colnect.com/es/coins/countries/currency/2304-Ashrafi_Irani"
"Ashrafi turco‎","https://colnect.com/es/coins/list/currency/2593-Ashrafi_turco"
"Ashraphi nepalí‎","https://colnect.com/es/coins/countries/currency/1872-Ashraphi_nepal%C3%AD"
"Asper Argelino‎","https://colnect.com/es/coins/countries/currency/2050-Asper_Argelino"
"Asper Egipcio‎","https://colnect.com/es/coins/list/currency/2239-Asper_Egipcio"
"Asper turco‎","https://colnect.com/es/coins/countries/currency/2597-Asper_turco"
"Asper, Libia‎","https://colnect.com/es/coins/list/currency/2352-Asper_Libia"
"Aspron Trachy del Imperio Bizantino‎","https://colnect.com/es/coins/countries/currency/1994-Aspron_Trachy_del_Imperio_Bizantino"
"Assarion del Imperio Romano‎","https://colnect.com/es/coins/countries/currency/3118-Assarion_del_Imperio_Romano"
"Asses, Luxemburgo‎","https://colnect.com/es/coins/list/currency/2381-Asses_Luxemburgo"
"Assis, Suiza‎","https://colnect.com/es/coins/countries/currency/2382-Assis_Suiza"
"Atia India Portuguesa‎","https://colnect.com/es/coins/countries/currency/2290-Atia_India_Portuguesa"
"Att de Laos‎","https://colnect.com/es/coins/countries/currency/1426-Att_de_Laos"
"Att Tailandés‎","https://colnect.com/es/coins/countries/currency/1466-Att_Tailand%C3%A9s"
"Aureus del Imperio Romano‎","https://colnect.com/es/coins/countries/currency/1888-Aureus_del_Imperio_Romano"
"Austral Argentino - ₳‎","https://colnect.com/es/coins/countries/currency/272-%E2%82%B3_-_Austral_Argentino"
"Avo de Macao‎","https://colnect.com/es/coins/countries/currency/981-Avo_de_Macao"
"Avo del Timor Portugués - A‎","https://colnect.com/es/coins/countries/currency/985-A_-_Avo_del_Timor_Portugu%C3%A9s"
"Azadi Iraní‎","https://colnect.com/es/coins/countries/currency/1508-Azadi_Iran%C3%AD"
"Æ griego‎","https://colnect.com/es/coins/countries/currency/3038-%C3%86_griego"
"Bagarone de los estados italianos‎","https://colnect.com/es/coins/list/currency/2717-Bagarone_de_los_estados_italianos"
"Bagattino de los Estados italianos‎","https://colnect.com/es/coins/countries/currency/2718-Bagattino_de_los_Estados_italianos"
"Bagattino de los Estados Pontificios‎","https://colnect.com/es/coins/countries/currency/2719-Bagattino_de_los_Estados_Pontificios"
"Baht de oro tailandés‎","https://colnect.com/es/coins/countries/currency/2538-Baht_de_oro_tailand%C3%A9s"
"Baht Tailandés - ฿‎","https://colnect.com/es/coins/countries/currency/197-%E0%B8%BF_-_Baht_Tailand%C3%A9s"
"Baiocchella de los Estados italianos‎","https://colnect.com/es/coins/countries/currency/2657-Baiocchella_de_los_Estados_italianos"
"Baiocco de los Estados Italianos‎","https://colnect.com/es/coins/countries/currency/1546-Baiocco_de_los_Estados_Italianos"
"Baiocco de los Estados Pontificios‎","https://colnect.com/es/coins/countries/currency/1205-Baiocco_de_los_Estados_Pontificios"
"Baisa Omaní - بيسة‎","https://colnect.com/es/coins/countries/currency/1150-%D8%A8%D9%8A%D8%B3%D8%A9_-_Baisa_Oman%C3%AD"
"Baiza, Kuwait‎","https://colnect.com/es/coins/countries/currency/2349-Baiza_Kuwait"
"Bakir turco‎","https://colnect.com/es/coins/list/currency/2594-Bakir_turco"
"Balboa Panameño - B/.‎","https://colnect.com/es/coins/countries/currency/176-B_-_Balboa_Paname%C3%B1o"
"Ban Moldavo - b‎","https://colnect.com/es/coins/countries/currency/905-b_-_Ban_Moldavo"
"Ban Rumano‎","https://colnect.com/es/coins/countries/currency/1369-Ban_Rumano"
"Banica Croata‎","https://colnect.com/es/coins/countries/currency/1323-Banica_Croata"
"Barbarina de los Estados italianos‎","https://colnect.com/es/coins/countries/currency/2696-Barbarina_de_los_Estados_italianos"
"Barbone - Italia, Estados‎","https://colnect.com/es/coins/countries/currency/2310-Barbone_-_Italia_Estados"
"Barbone de los Estados Italianos‎","https://colnect.com/es/coins/countries/currency/1507-Barbone_de_los_Estados_Italianos"
"Barilla de Filipinas‎","https://colnect.com/es/coins/countries/currency/2005-Barilla_de_Filipinas"
"Bastardo de la India portuguesa‎","https://colnect.com/es/coins/list/currency/2296-Bastardo_de_la_India_portuguesa"
"Bastiao de la India portuguesa‎","https://colnect.com/es/coins/list/currency/2298-Bastiao_de_la_India_portuguesa"
"Bath trade tailandés‎","https://colnect.com/es/coins/countries/currency/2539-Bath_trade_tailand%C3%A9s"
"Batz de los Estados italianos‎","https://colnect.com/es/coins/countries/currency/2658-Batz_de_los_Estados_italianos"
"Batzen alemán‎","https://colnect.com/es/coins/list/currency/3041-Batzen_alem%C3%A1n"
"Batzen austrohúngaro‎","https://colnect.com/es/coins/countries/currency/2837-Batzen_austroh%C3%BAngaro"
"Batzen Sueco‎","https://colnect.com/es/coins/countries/currency/1677-Batzen_Sueco"
"Bazaruco de Ceilán‎","https://colnect.com/es/coins/countries/currency/2182-Bazaruco_de_Ceil%C3%A1n"
"Bazaruco Português Indiano‎","https://colnect.com/es/coins/countries/currency/2287-Bazaruco_Portugu%C3%AAs_Indiano"
"Bazaruk India Holandesa‎","https://colnect.com/es/coins/countries/currency/2273-Bazaruk_India_Holandesa"
"Belsik sirio‎","https://colnect.com/es/coins/countries/currency/2164-Belsik_sirio"
"Benduqi, Marruecos‎","https://colnect.com/es/coins/countries/currency/2409-Benduqi_Marruecos"
"Berlinga de los Estados italianos‎","https://colnect.com/es/coins/list/currency/2704-Berlinga_de_los_Estados_italianos"
"Besa de Somalia italiana‎","https://colnect.com/es/coins/countries/currency/1614-Besa_de_Somalia_italiana"
"Beshlik del Kanato de Crimea‎","https://colnect.com/es/coins/countries/currency/1584-Beshlik_del_Kanato_de_Crimea"
"Beshlik turco‎","https://colnect.com/es/coins/countries/currency/2598-Beshlik_turco"
"Beslik Egipcio‎","https://colnect.com/es/coins/list/currency/2237-Beslik_Egipcio"
"Bianchetto de los Estados italianos‎","https://colnect.com/es/coins/countries/currency/2655-Bianchetto_de_los_Estados_italianos"
"Bianco de los Estados Italianos‎","https://colnect.com/es/coins/countries/currency/2654-Bianco_de_los_Estados_Italianos"
"Biche de la India francesa‎","https://colnect.com/es/coins/countries/currency/2283-Biche_de_la_India_francesa"
"Bipkwele de Guinea Ecuatorial‎","https://colnect.com/es/coins/countries/currency/2146-Bipkwele_de_Guinea_Ecuatorial"
"Birr etíope - br‎","https://colnect.com/es/coins/countries/currency/119-br_-_Birr_et%C3%ADope"
"Bisante de los Estados Italianos‎","https://colnect.com/es/coins/list/currency/2752-Bisante_de_los_Estados_Italianos"
"Bisti de Georgia‎","https://colnect.com/es/coins/list/currency/2123-Bisti_de_Georgia"
"Bit de Guyana‎","https://colnect.com/es/coins/list/currency/2255-Bit_de_Guyana"
"BIT de la colonia de Essequebo and Demerary‎","https://colnect.com/es/coins/list/currency/1957-BIT_de_la_colonia_de_Essequebo_and_Demerary"
"Bit de Tobago‎","https://colnect.com/es/coins/countries/currency/1634-Bit_de_Tobago"
"Bit Dominicano‎","https://colnect.com/es/coins/countries/currency/2235-Bit_Dominicano"
"Bit, de Granada‎","https://colnect.com/es/coins/countries/currency/2247-Bit_de_Granada"
"Bit, Martinica‎","https://colnect.com/es/coins/countries/currency/2394-Bit_Martinica"
"Blanc francés‎","https://colnect.com/es/coins/countries/currency/3031-Blanc_franc%C3%A9s"
"Blanca castellana‎","https://colnect.com/es/coins/countries/currency/2573-Blanca_castellana"
"Blognini de los Estados Italianos‎","https://colnect.com/es/coins/countries/currency/2643-Blognini_de_los_Estados_Italianos"
"Bluzger Suizo‎","https://colnect.com/es/coins/countries/currency/1736-Bluzger_Suizo"
"Bolívar Venezolano - Bs.‎","https://colnect.com/es/coins/countries/currency/32-Bs_-_Bol%C3%ADvar_Venezolano"
"Boliviano de Bolivia - Bs.‎","https://colnect.com/es/coins/countries/currency/21-Bs_-_Boliviano_de_Bolivia"
"Bolognino de los Estados Pontificios‎","https://colnect.com/es/coins/countries/currency/2622-Bolognino_de_los_Estados_Pontificios"
"Borisfen de la antigua Grecia‎","https://colnect.com/es/coins/list/currency/3052-Borisfen_de_la_antigua_Grecia"
"Botdrager belga‎","https://colnect.com/es/coins/list/currency/2863-Botdrager_belga"
"Botdrager neerlandés‎","https://colnect.com/es/coins/countries/currency/2849-Botdrager_neerland%C3%A9s"
"Braspenning, Países Bajos españoles‎","https://colnect.com/es/coins/countries/currency/2503-Braspenning_Pa%C3%ADses_Bajos_espa%C3%B1oles"
"Bronce cartaginés‎","https://colnect.com/es/coins/list/currency/2977-Bronce_cartagin%C3%A9s"
"Bronce nabateo‎","https://colnect.com/es/coins/countries/currency/3119-Bronce_nabateo"
"Brûlé de Lieja‎","https://colnect.com/es/coins/list/currency/3108-Br%C3%BBl%C3%A9_de_Lieja"
"Bu Japonés‎","https://colnect.com/es/coins/countries/currency/1538-Bu_Japon%C3%A9s"
"Budju Argelino‎","https://colnect.com/es/coins/countries/currency/649-Budju_Argelino"
"Bujruk indio‎","https://colnect.com/es/coins/countries/currency/2264-Bujruk_indio"
"Buqsha Yemení - B‎","https://colnect.com/es/coins/countries/currency/1473-B_-_Buqsha_Yemen%C3%AD"
"Burbe tunecino‎","https://colnect.com/es/coins/countries/currency/2115-Burbe_tunecino"
"Burben Tunecino‎","https://colnect.com/es/coins/countries/currency/2155-Burben_Tunecino"
"Butut de Gambia - b‎","https://colnect.com/es/coins/countries/currency/1726-b_-_Butut_de_Gambia"
"Cache India Francesa‎","https://colnect.com/es/coins/countries/currency/2282-Cache_India_Francesa"
"Cagliarese de los Estados Italianos‎","https://colnect.com/es/coins/countries/currency/1432-Cagliarese_de_los_Estados_Italianos"
"Calco Cartaginés‎","https://colnect.com/es/coins/countries/currency/1696-Calco_Cartagin%C3%A9s"
"Calco español‎","https://colnect.com/es/coins/countries/currency/2567-Calco_espa%C3%B1ol"
"Camillino de los Estados Italianos‎","https://colnect.com/es/coins/countries/currency/2667-Camillino_de_los_Estados_Italianos"
"Carlino de los Estados Italianos‎","https://colnect.com/es/coins/countries/currency/1429-Carlino_de_los_Estados_Italianos"
"Carlino de los Estados Pontificios‎","https://colnect.com/es/coins/countries/currency/1476-Carlino_de_los_Estados_Pontificios"
"Carolín alemán‎","https://colnect.com/es/coins/countries/currency/3017-Carol%C3%ADn_alem%C3%A1n"
"Caroliner Sueco‎","https://colnect.com/es/coins/countries/currency/1944-Caroliner_Sueco"
"Carolus alemán‎","https://colnect.com/es/coins/countries/currency/2833-Carolus_alem%C3%A1n"
"Carzia de los Estados Italianos‎","https://colnect.com/es/coins/countries/currency/2751-Carzia_de_los_Estados_Italianos"
"Casco de oro belga‎","https://colnect.com/es/coins/list/currency/2868-Casco_de_oro_belga"
"Cash Chino‎","https://colnect.com/es/coins/countries/currency/1558-Cash_Chino"
"Cash de las Indias holandesas‎","https://colnect.com/es/coins/countries/currency/2276-Cash_de_las_Indias_holandesas"
"Cash Indio‎","https://colnect.com/es/coins/countries/currency/1495-Cash_Indio"
"Cash vietnamita‎","https://colnect.com/es/coins/countries/currency/1526-Cash_vietnamita"
"Cash, Indias Orientales holandesas‎","https://colnect.com/es/coins/list/currency/2438-Cash_Indias_Orientales_holandesas"
"Cauri de Guinea‎","https://colnect.com/es/coins/list/currency/1229-Cauri_de_Guinea"
"Cavallina de los Estados Italianos‎","https://colnect.com/es/coins/list/currency/2750-Cavallina_de_los_Estados_Italianos"
"Cavallo de los Estados Italianos‎","https://colnect.com/es/coins/countries/currency/1574-Cavallo_de_los_Estados_Italianos"
"Cavallotto, Estados Italianos‎","https://colnect.com/es/coins/countries/currency/2640-Cavallotto_Estados_Italianos"
"Cedi de Ghana - ₵‎","https://colnect.com/es/coins/countries/currency/650-%E2%82%B5_-_Cedi_de_Ghana"
"Cedid mahmudiye turco‎","https://colnect.com/es/coins/countries/currency/1862-Cedid_mahmudiye_turco"
"Cedid zincirli armenio‎","https://colnect.com/es/coins/list/currency/2804-Cedid_zincirli_armenio"
"Ceitil Portugués‎","https://colnect.com/es/coins/countries/currency/1950-Ceitil_Portugu%C3%A9s"
"Cella de los Estados Italianos‎","https://colnect.com/es/coins/countries/currency/2715-Cella_de_los_Estados_Italianos"
"Centas Lituano - ct‎","https://colnect.com/es/coins/countries/currency/635-ct_-_Centas_Lituano"
"Centavo África del Este - c‎","https://colnect.com/es/coins/countries/currency/1214-c_-_Centavo_%C3%81frica_del_Este"
"Centavo Angoleño - C‎","https://colnect.com/es/coins/countries/currency/760-C_-_Centavo_Angole%C3%B1o"
"Centavo Argentino - ¢‎","https://colnect.com/es/coins/countries/currency/638-%C2%A2_-_Centavo_Argentino"
"Centavo Australiano - c‎","https://colnect.com/es/coins/countries/currency/694-c_-_Centavo_Australiano"
"Centavo Bahameño - ¢‎","https://colnect.com/es/coins/countries/currency/695-%C2%A2_-_Centavo_Bahame%C3%B1o"
"Centavo Boliviano - c.‎","https://colnect.com/es/coins/countries/currency/648-c_-_Centavo_Boliviano"
"Centavo Caboverdiano‎","https://colnect.com/es/coins/countries/currency/1315-Centavo_Caboverdiano"
"Centavo Canadiense - ¢‎","https://colnect.com/es/coins/countries/currency/703-%C2%A2_-_Centavo_Canadiense"
"Centavo caribeño‎","https://colnect.com/es/coins/countries/currency/3093-Centavo_caribe%C3%B1o"
"Centavo Ceilanés - c‎","https://colnect.com/es/coins/countries/currency/1761-c_-_Centavo_Ceilan%C3%A9s"
"Centavo Colombiano - c‎","https://colnect.com/es/coins/countries/currency/1004-c_-_Centavo_Colombiano"
"Centavo Convertible Cubano - ¢‎","https://colnect.com/es/coins/countries/currency/1006-%C2%A2_-_Centavo_Convertible_Cubano"
"Centavo Costarricense - ¢‎","https://colnect.com/es/coins/countries/currency/1710-%C2%A2_-_Centavo_Costarricense"
"Centavo Cubano - ¢‎","https://colnect.com/es/coins/countries/currency/1007-%C2%A2_-_Centavo_Cubano"
"Centavo de África del este británica - c‎","https://colnect.com/es/coins/list/currency/1700-c_-_Centavo_de_%C3%81frica_del_este_brit%C3%A1nica"
"Centavo de Aruba - c‎","https://colnect.com/es/coins/countries/currency/776-c_-_Centavo_de_Aruba"
"Centavo de Ascensión‎","https://colnect.com/es/coins/list/currency/3113-Centavo_de_Ascensi%C3%B3n"
"Centavo de Belice - ¢‎","https://colnect.com/es/coins/countries/currency/697-%C2%A2_-_Centavo_de_Belice"
"Centavo de Botswana - c‎","https://colnect.com/es/coins/list/currency/1620-c_-_Centavo_de_Botswana"
"Centavo de Brasil‎","https://colnect.com/es/coins/countries/currency/658-Centavo_de_Brasil"
"Centavo de Caribe del Este - ¢‎","https://colnect.com/es/coins/countries/currency/707-%C2%A2_-_Centavo_de_Caribe_del_Este"
"Centavo de Eritrea - c‎","https://colnect.com/es/coins/countries/currency/973-c_-_Centavo_de_Eritrea"
"Centavo de Honduras Británica - c‎","https://colnect.com/es/coins/countries/currency/1586-c_-_Centavo_de_Honduras_Brit%C3%A1nica"
"Centavo de Hong Kong - 仙‎","https://colnect.com/es/coins/countries/currency/712-%E4%BB%99_-_Centavo_de_Hong_Kong"
"Centavo de Islas Caimán - ¢‎","https://colnect.com/es/coins/countries/currency/704-%C2%A2_-_Centavo_de_Islas_Caim%C3%A1n"
"Centavo de Kiao Chau - 'Ocupación Alemana' - ¢‎","https://colnect.com/es/coins/countries/currency/1909-%C2%A2_-_Centavo_de_Kiao_Chau_-_Ocupaci%C3%B3n_Alemana"
"Centavo de la Guinea Portuguesa - c‎","https://colnect.com/es/coins/countries/currency/1284-c_-_Centavo_de_la_Guinea_Portuguesa"
"Centavo de la Isla del Príncipe Eduardo‎","https://colnect.com/es/coins/list/currency/1548-Centavo_de_la_Isla_del_Pr%C3%ADncipe_Eduardo"
"Centavo de Laos‎","https://colnect.com/es/coins/countries/currency/1910-Centavo_de_Laos"
"Centavo de las Bermudas - c‎","https://colnect.com/es/coins/countries/currency/698-c_-_Centavo_de_las_Bermudas"
"Centavo de las Indias Portuguesas - c‎","https://colnect.com/es/coins/countries/currency/766-c_-_Centavo_de_las_Indias_Portuguesas"
"Centavo de Malagasy‎","https://colnect.com/es/coins/list/currency/1578-Centavo_de_Malagasy"
"Centavo de Malta - ċ‎","https://colnect.com/es/coins/countries/currency/1304-%C4%8B_-_Centavo_de_Malta"
"Centavo de Martinica‎","https://colnect.com/es/coins/list/currency/1914-Centavo_de_Martinica"
"Centavo de Nuevo Brunswick‎","https://colnect.com/es/coins/countries/currency/1579-Centavo_de_Nuevo_Brunswick"
"Centavo de Pitcairn - ¢‎","https://colnect.com/es/coins/countries/currency/1769-%C2%A2_-_Centavo_de_Pitcairn"
"Centavo de Polinesia Francesa‎","https://colnect.com/es/coins/list/currency/1758-Centavo_de_Polinesia_Francesa"
"Centavo de Samoa - c‎","https://colnect.com/es/coins/countries/currency/2999-c_-_Centavo_de_Samoa"
"Centavo de Santo Tomé y Príncipe‎","https://colnect.com/es/coins/countries/currency/772-Centavo_de_Santo_Tom%C3%A9_y_Pr%C3%ADncipe"
"Centavo de Sri Lanka - c‎","https://colnect.com/es/coins/countries/currency/1188-c_-_Centavo_de_Sri_Lanka"
"Centavo de Tokelau‎","https://colnect.com/es/coins/countries/currency/1735-Centavo_de_Tokelau"
"Centavo del Estrecho - c‎","https://colnect.com/es/coins/countries/currency/1289-c_-_Centavo_del_Estrecho"
"Centavo del Timor Portugués‎","https://colnect.com/es/coins/countries/currency/770-Centavo_del_Timor_Portugu%C3%A9s"
"Centavo Dominicano - ¢‎","https://colnect.com/es/coins/countries/currency/1008-%C2%A2_-_Centavo_Dominicano"
"Centavo Ecuatoriano - ¢‎","https://colnect.com/es/coins/countries/currency/1228-%C2%A2_-_Centavo_Ecuatoriano"
"Centavo Filipino - c‎","https://colnect.com/es/coins/countries/currency/1020-c_-_Centavo_Filipino"
"Centavo Guatemalteco - ¢‎","https://colnect.com/es/coins/countries/currency/1116-%C2%A2_-_Centavo_Guatemalteco"
"Centavo Hawaiano - ¢‎","https://colnect.com/es/coins/countries/currency/1416-%C2%A2_-_Centavo_Hawaiano"
"Centavo Hondureño - c‎","https://colnect.com/es/coins/countries/currency/903-c_-_Centavo_Hondure%C3%B1o"
"Centavo Mexicano - ¢‎","https://colnect.com/es/coins/countries/currency/1016-%C2%A2_-_Centavo_Mexicano"
"Centavo Mozambiqueño - C‎","https://colnect.com/es/coins/countries/currency/967-C_-_Centavo_Mozambique%C3%B1o"
"Centavo Nicaragüense - c‎","https://colnect.com/es/coins/countries/currency/657-c_-_Centavo_Nicarag%C3%BCense"
"Centavo nuevo de Sierra Leona‎","https://colnect.com/es/coins/countries/currency/3040-Centavo_nuevo_de_Sierra_Leona"
"Centavo Paraguayo - c‎","https://colnect.com/es/coins/countries/currency/1019-c_-_Centavo_Paraguayo"
"Centavo Peruano - c‎","https://colnect.com/es/coins/countries/currency/1219-c_-_Centavo_Peruano"
"Centavo Portugués - c‎","https://colnect.com/es/coins/countries/currency/763-c_-_Centavo_Portugu%C3%A9s"
"Centavo Puertorriqueño‎","https://colnect.com/es/coins/countries/currency/1345-Centavo_Puertorrique%C3%B1o"
"Centavo Salvadoreño - c‎","https://colnect.com/es/coins/countries/currency/654-c_-_Centavo_Salvadore%C3%B1o"
"Centavo Timor Oriental - c‎","https://colnect.com/es/coins/countries/currency/1610-c_-_Centavo_Timor_Oriental"
"Centavo Uruguayo‎","https://colnect.com/es/coins/list/currency/1978-Centavo_Uruguayo"
"Centavo Venezuelano - c‎","https://colnect.com/es/coins/countries/currency/1928-c_-_Centavo_Venezuelano"
"Centavo, Indias Orientales holandesas - c‎","https://colnect.com/es/coins/countries/currency/2435-c_-_Centavo_Indias_Orientales_holandesas"
"Centavo, Puerto Rico - c‎","https://colnect.com/es/coins/list/currency/2461-c_-_Centavo_Puerto_Rico"
"Centavos Chilenos - c‎","https://colnect.com/es/coins/countries/currency/1003-c_-_Centavos_Chilenos"
"Centavos de Estados Unidos - ¢‎","https://colnect.com/es/coins/countries/currency/240-%C2%A2_-_Centavos_de_Estados_Unidos"
"Centavos de Guinea-Bissau‎","https://colnect.com/es/coins/countries/currency/1012-Centavos_de_Guinea-Bissau"
"Centavos de Zimbabue (moneda-bono)‎","https://colnect.com/es/coins/countries/currency/2017-Centavos_de_Zimbabue_moneda-bono"
"Centécimo de Bolivia‎","https://colnect.com/es/coins/countries/currency/2934-Cent%C3%A9cimo_de_Bolivia"
"Centenionalis del Imperio Romano‎","https://colnect.com/es/coins/countries/currency/1383-Centenionalis_del_Imperio_Romano"
"Centésimo Chileno - c‎","https://colnect.com/es/coins/countries/currency/761-c_-_Cent%C3%A9simo_Chileno"
"Centésimo de Cerdeña‎","https://colnect.com/es/coins/countries/currency/925-Cent%C3%A9simo_de_Cerde%C3%B1a"
"Centésimo de Eritrea‎","https://colnect.com/es/coins/list/currency/1934-Cent%C3%A9simo_de_Eritrea"
"Centésimo de los Estados Italianos‎","https://colnect.com/es/coins/countries/currency/1428-Cent%C3%A9simo_de_los_Estados_Italianos"
"Centésimo de los Estados Pontificios‎","https://colnect.com/es/coins/list/currency/1532-Cent%C3%A9simo_de_los_Estados_Pontificios"
"Centésimo de San Marino‎","https://colnect.com/es/coins/countries/currency/923-Cent%C3%A9simo_de_San_Marino"
"Centésimo de Somalia Italiana - c‎","https://colnect.com/es/coins/countries/currency/1458-c_-_Cent%C3%A9simo_de_Somalia_Italiana"
"Centésimo Dominicano - c‎","https://colnect.com/es/coins/countries/currency/2208-c_-_Cent%C3%A9simo_Dominicano"
"Centésimo Italiano - c‎","https://colnect.com/es/coins/countries/currency/909-c_-_Cent%C3%A9simo_Italiano"
"Centésimo Panameño - c‎","https://colnect.com/es/coins/countries/currency/645-c_-_Cent%C3%A9simo_Paname%C3%B1o"
"Centésimo Paraguayo - c‎","https://colnect.com/es/coins/countries/currency/1367-c_-_Cent%C3%A9simo_Paraguayo"
"Centésimo Uruguayo‎","https://colnect.com/es/coins/countries/currency/1022-Cent%C3%A9simo_Uruguayo"
"Centésimo Vaticano‎","https://colnect.com/es/coins/countries/currency/931-Cent%C3%A9simo_Vaticano"
"Céntimo África Ecuatorial Francesa‎","https://colnect.com/es/coins/countries/currency/1329-C%C3%A9ntimo_%C3%81frica_Ecuatorial_Francesa"
"Céntimo alemán‎","https://colnect.com/es/coins/countries/currency/2166-C%C3%A9ntimo_alem%C3%A1n"
"Céntimo Andorrano‎","https://colnect.com/es/coins/countries/currency/687-C%C3%A9ntimo_Andorrano"
"Céntimo Angoleño‎","https://colnect.com/es/coins/countries/currency/897-C%C3%A9ntimo_Angole%C3%B1o"
"Céntimo Argelino - c‎","https://colnect.com/es/coins/countries/currency/1896-c_-_C%C3%A9ntimo_Argelino"
"Céntimo Belga - c‎","https://colnect.com/es/coins/countries/currency/782-c_-_C%C3%A9ntimo_Belga"
"Céntimo Camboyano‎","https://colnect.com/es/coins/countries/currency/785-C%C3%A9ntimo_Camboyano"
"Céntimo CFP - c‎","https://colnect.com/es/coins/countries/currency/787-c_-_C%C3%A9ntimo_CFP"
"Céntimo Chino‎","https://colnect.com/es/coins/countries/currency/662-C%C3%A9ntimo_Chino"
"Céntimo Chipriota - c‎","https://colnect.com/es/coins/countries/currency/1037-c_-_C%C3%A9ntimo_Chipriota"
"Céntimo Colonial Filipino - ¢‎","https://colnect.com/es/coins/countries/currency/1943-%C2%A2_-_C%C3%A9ntimo_Colonial_Filipino"
"Céntimo Congoleño - c‎","https://colnect.com/es/coins/countries/currency/789-c_-_C%C3%A9ntimo_Congole%C3%B1o"
"Céntimo Costarricense - ¢‎","https://colnect.com/es/coins/countries/currency/653-%C2%A2_-_C%C3%A9ntimo_Costarricense"
"Céntimo de África Occidental Francesa - c‎","https://colnect.com/es/coins/countries/currency/1662-c_-_C%C3%A9ntimo_de_%C3%81frica_Occidental_Francesa"
"Céntimo de Barbados - c‎","https://colnect.com/es/coins/countries/currency/696-c_-_C%C3%A9ntimo_de_Barbados"
"Céntimo de Borneo del Norte Británico - c‎","https://colnect.com/es/coins/countries/currency/1311-c_-_C%C3%A9ntimo_de_Borneo_del_Norte_Brit%C3%A1nico"
"Céntimo de Camerún Francés‎","https://colnect.com/es/coins/countries/currency/1691-C%C3%A9ntimo_de_Camer%C3%BAn_Franc%C3%A9s"
"Céntimo de Euro - ct‎","https://colnect.com/es/coins/countries/currency/227-ct_-_C%C3%A9ntimo_de_Euro"
"Céntimo de Fiji - ¢‎","https://colnect.com/es/coins/countries/currency/708-%C2%A2_-_C%C3%A9ntimo_de_Fiji"
"Céntimo de Guadalupe‎","https://colnect.com/es/coins/list/currency/1341-C%C3%A9ntimo_de_Guadalupe"
"Céntimo de Guyana - c‎","https://colnect.com/es/coins/countries/currency/710-c_-_C%C3%A9ntimo_de_Guyana"
"Céntimo de Kiribati - ¢‎","https://colnect.com/es/coins/countries/currency/714-%C2%A2_-_C%C3%A9ntimo_de_Kiribati"
"Céntimo de la Guinea francesa‎","https://colnect.com/es/coins/countries/currency/1561-C%C3%A9ntimo_de_la_Guinea_francesa"
"Céntimo de las Antillas Holandesas - ¢‎","https://colnect.com/es/coins/countries/currency/1405-%C2%A2_-_C%C3%A9ntimo_de_las_Antillas_Holandesas"
"Céntimo de Las Comoras - c‎","https://colnect.com/es/coins/countries/currency/788-c_-_C%C3%A9ntimo_de_Las_Comoras"
"Céntimo de las Islas Cocos (Keeling) - ¢‎","https://colnect.com/es/coins/countries/currency/1464-%C2%A2_-_C%C3%A9ntimo_de_las_Islas_Cocos_Keeling"
"Céntimo de las Islas Cook - c‎","https://colnect.com/es/coins/countries/currency/705-c_-_C%C3%A9ntimo_de_las_Islas_Cook"
"Céntimo de las Islas Salomón - c‎","https://colnect.com/es/coins/countries/currency/738-c_-_C%C3%A9ntimo_de_las_Islas_Salom%C3%B3n"
"Céntimo de las Islas Virgenes Británicas - ¢‎","https://colnect.com/es/coins/countries/currency/1423-%C2%A2_-_C%C3%A9ntimo_de_las_Islas_Virgenes_Brit%C3%A1nicas"
"Céntimo de las Seychelles - c‎","https://colnect.com/es/coins/countries/currency/1187-c_-_C%C3%A9ntimo_de_las_Seychelles"
"Céntimo de Liberia - c‎","https://colnect.com/es/coins/countries/currency/715-c_-_C%C3%A9ntimo_de_Liberia"
"Céntimo de los cantones suizos‎","https://colnect.com/es/coins/countries/currency/2728-C%C3%A9ntimo_de_los_cantones_suizos"
"Céntimo de Luxemburgo - c.‎","https://colnect.com/es/coins/countries/currency/802-c_-_C%C3%A9ntimo_de_Luxemburgo"
"Céntimo de Malaya y Borneo Británico - c‎","https://colnect.com/es/coins/countries/currency/717-c_-_C%C3%A9ntimo_de_Malaya_y_Borneo_Brit%C3%A1nico"
"Céntimo de Mauricio - c‎","https://colnect.com/es/coins/countries/currency/1183-c_-_C%C3%A9ntimo_de_Mauricio"
"Céntimo de Mozambique‎","https://colnect.com/es/coins/countries/currency/1915-C%C3%A9ntimo_de_Mozambique"
"Céntimo de Niue - ¢‎","https://colnect.com/es/coins/countries/currency/1449-%C2%A2_-_C%C3%A9ntimo_de_Niue"
"Céntimo de Nueva Escocia - ¢‎","https://colnect.com/es/coins/countries/currency/1451-%C2%A2_-_C%C3%A9ntimo_de_Nueva_Escocia"
"Céntimo de Nueva Zelanda - c‎","https://colnect.com/es/coins/countries/currency/724-c_-_C%C3%A9ntimo_de_Nueva_Zelanda"
"Céntimo de Reunión‎","https://colnect.com/es/coins/countries/currency/1285-C%C3%A9ntimo_de_Reuni%C3%B3n"
"Céntimo de Rwanda y Urundi‎","https://colnect.com/es/coins/list/currency/1886-C%C3%A9ntimo_de_Rwanda_y_Urundi"
"Céntimo de Saharaui - c‎","https://colnect.com/es/coins/list/currency/1842-c_-_C%C3%A9ntimo_de_Saharaui"
"Céntimo de Santo Tomé y Príncipe‎","https://colnect.com/es/coins/countries/currency/692-C%C3%A9ntimo_de_Santo_Tom%C3%A9_y_Pr%C3%ADncipe"
"Céntimo de Sarawak - c‎","https://colnect.com/es/coins/countries/currency/1373-c_-_C%C3%A9ntimo_de_Sarawak"
"Céntimo de Sierra Leona - c‎","https://colnect.com/es/coins/countries/currency/904-c_-_C%C3%A9ntimo_de_Sierra_Leona"
"Céntimo de Singapur - c‎","https://colnect.com/es/coins/countries/currency/737-c_-_C%C3%A9ntimo_de_Singapur"
"Céntimo de Swazilandia (África del Sur) - c‎","https://colnect.com/es/coins/countries/currency/908-c_-_C%C3%A9ntimo_de_Swazilandia_%C3%81frica_del_Sur"
"Céntimo de Terranova - ¢‎","https://colnect.com/es/coins/countries/currency/726-%C2%A2_-_C%C3%A9ntimo_de_Terranova"
"Céntimo de Transilvania‎","https://colnect.com/es/coins/list/currency/2611-C%C3%A9ntimo_de_Transilvania"
"Céntimo de Trinidad y Tobago - ¢‎","https://colnect.com/es/coins/countries/currency/747-%C2%A2_-_C%C3%A9ntimo_de_Trinidad_y_Tobago"
"Céntimo de Tuvalu - ¢‎","https://colnect.com/es/coins/countries/currency/748-%C2%A2_-_C%C3%A9ntimo_de_Tuvalu"
"Céntimo de Zanzíbar - c‎","https://colnect.com/es/coins/countries/currency/1568-c_-_C%C3%A9ntimo_de_Zanz%C3%ADbar"
"Céntimo de Zimbabue - c‎","https://colnect.com/es/coins/countries/currency/751-c_-_C%C3%A9ntimo_de_Zimbabue"
"Céntimo Español‎","https://colnect.com/es/coins/countries/currency/994-C%C3%A9ntimo_Espa%C3%B1ol"
"Céntimo Filipino - s‎","https://colnect.com/es/coins/countries/currency/1905-s_-_C%C3%A9ntimo_Filipino"
"Céntimo Francés - c‎","https://colnect.com/es/coins/countries/currency/790-c_-_C%C3%A9ntimo_Franc%C3%A9s"
"Céntimo Haitiano - c‎","https://colnect.com/es/coins/countries/currency/846-c_-_C%C3%A9ntimo_Haitiano"
"Céntimo Holandés - c‎","https://colnect.com/es/coins/countries/currency/854-c_-_C%C3%A9ntimo_Holand%C3%A9s"
"Céntimo India Occidental Danesa - ¢‎","https://colnect.com/es/coins/countries/currency/1407-%C2%A2_-_C%C3%A9ntimo_India_Occidental_Danesa"
"Céntimo Indochina Francesa - c‎","https://colnect.com/es/coins/countries/currency/1028-c_-_C%C3%A9ntimo_Indochina_Francesa"
"Céntimo Jamaicano - c‎","https://colnect.com/es/coins/countries/currency/713-c_-_C%C3%A9ntimo_Jamaicano"
"Céntimo Keniano - c‎","https://colnect.com/es/coins/countries/currency/1215-c_-_C%C3%A9ntimo_Keniano"
"Céntimo Malayo - c‎","https://colnect.com/es/coins/countries/currency/1357-c_-_C%C3%A9ntimo_Malayo"
"Céntimo Marroquí - c‎","https://colnect.com/es/coins/countries/currency/1361-c_-_C%C3%A9ntimo_Marroqu%C3%AD"
"Céntimo minero de Transilvania‎","https://colnect.com/es/coins/countries/currency/2557-C%C3%A9ntimo_minero_de_Transilvania"
"Céntimo Monegasco - c‎","https://colnect.com/es/coins/countries/currency/808-c_-_C%C3%A9ntimo_Monegasco"
"Céntimo Namibio - c‎","https://colnect.com/es/coins/countries/currency/721-c_-_C%C3%A9ntimo_Namibio"
"Céntimo Paraguayo‎","https://colnect.com/es/coins/countries/currency/848-C%C3%A9ntimo_Paraguayo"
"Céntimo Peruano‎","https://colnect.com/es/coins/countries/currency/867-C%C3%A9ntimo_Peruano"
"Céntimo Rodesiano - c‎","https://colnect.com/es/coins/countries/currency/732-c_-_C%C3%A9ntimo_Rodesiano"
"Céntimo Sudafricano - c‎","https://colnect.com/es/coins/countries/currency/1118-c_-_C%C3%A9ntimo_Sudafricano"
"Céntimo Surinamés - ct‎","https://colnect.com/es/coins/countries/currency/741-ct_-_C%C3%A9ntimo_Surinam%C3%A9s"
"Céntimo Tunecino‎","https://colnect.com/es/coins/countries/currency/1295-C%C3%A9ntimo_Tunecino"
"Céntimo Ugandés - c‎","https://colnect.com/es/coins/countries/currency/1217-c_-_C%C3%A9ntimo_Ugand%C3%A9s"
"Céntimo Venezolano - c‎","https://colnect.com/es/coins/countries/currency/647-c_-_C%C3%A9ntimo_Venezolano"
"Cepaica de la India portuguesa‎","https://colnect.com/es/coins/list/currency/2291-Cepaica_de_la_India_portuguesa"
"Cervia de los Estados Italianos‎","https://colnect.com/es/coins/countries/currency/2699-Cervia_de_los_Estados_Italianos"
"Chahi iraní - Ch.‎","https://colnect.com/es/coins/list/currency/1721-Ch_-_Chahi_iran%C3%AD"
"Chalkon de Antigua Grecia‎","https://colnect.com/es/coins/countries/currency/3107-Chalkon_de_Antigua_Grecia"
"Chalkon, Imperio seléucida‎","https://colnect.com/es/coins/countries/currency/3102-Chalkon_Imperio_sel%C3%A9ucida"
"Chang tailandés‎","https://colnect.com/es/coins/countries/currency/2541-Chang_tailand%C3%A9s"
"Chelín Alemán‎","https://colnect.com/es/coins/countries/currency/1668-Chel%C3%ADn_Alem%C3%A1n"
"Chelín alemán del Reichsbank‎","https://colnect.com/es/coins/countries/currency/2987-Chel%C3%ADn_alem%C3%A1n_del_Reichsbank"
"Chelín Australiano - s‎","https://colnect.com/es/coins/countries/currency/256-s_-_Chel%C3%ADn_Australiano"
"Chelín Austríaco - öS‎","https://colnect.com/es/coins/countries/currency/232-%C3%B6S_-_Chel%C3%ADn_Austr%C3%ADaco"
"Chelín Británico - s‎","https://colnect.com/es/coins/countries/currency/1322-s_-_Chel%C3%ADn_Brit%C3%A1nico"
"Chelín Chipriota - s‎","https://colnect.com/es/coins/countries/currency/1324-s_-_Chel%C3%ADn_Chipriota"
"Chelín de África del Este - s‎","https://colnect.com/es/coins/countries/currency/1213-s_-_Chel%C3%ADn_de_%C3%81frica_del_Este"
"Chelín de África Occidental Británica - s‎","https://colnect.com/es/coins/countries/currency/1312-s_-_Chel%C3%ADn_de_%C3%81frica_Occidental_Brit%C3%A1nica"
"Chelín de Biafra - s‎","https://colnect.com/es/coins/countries/currency/264-s_-_Chel%C3%ADn_de_Biafra"
"Chelín de Danzig‎","https://colnect.com/es/coins/countries/currency/1672-Chel%C3%ADn_de_Danzig"
"Chelín de Fiji - s‎","https://colnect.com/es/coins/countries/currency/1046-s_-_Chel%C3%ADn_de_Fiji"
"Chelín de Gambia - s‎","https://colnect.com/es/coins/countries/currency/1332-s_-_Chel%C3%ADn_de_Gambia"
"Chelín de Ghana - Sh‎","https://colnect.com/es/coins/countries/currency/1336-Sh_-_Chel%C3%ADn_de_Ghana"
"Chelín de Granada‎","https://colnect.com/es/coins/countries/currency/2248-Chel%C3%ADn_de_Granada"
"Chelín de Guernsey - s‎","https://colnect.com/es/coins/list/currency/1342-s_-_Chel%C3%ADn_de_Guernsey"
"Chelín de Hamburgo - s‎","https://colnect.com/es/coins/countries/currency/961-s_-_Chel%C3%ADn_de_Hamburgo"
"Chelín de Jersey - s‎","https://colnect.com/es/coins/countries/currency/1352-s_-_Chel%C3%ADn_de_Jersey"
"Chelín de las Islas Vírgenes Británicas (Tórtola)‎","https://colnect.com/es/coins/countries/currency/2917-Chel%C3%ADn_de_las_Islas_V%C3%ADrgenes_Brit%C3%A1nicas_T%C3%B3rtola"
"Chelín de Livonia‎","https://colnect.com/es/coins/countries/currency/1911-Chel%C3%ADn_de_Livonia"
"Chelín de Malawi - s‎","https://colnect.com/es/coins/list/currency/1058-s_-_Chel%C3%ADn_de_Malawi"
"Chélin de Nueva Guinea - s‎","https://colnect.com/es/coins/countries/currency/1069-s_-_Ch%C3%A9lin_de_Nueva_Guinea"
"Chelín de Nueva Zelanda - s‎","https://colnect.com/es/coins/countries/currency/1075-s_-_Chel%C3%ADn_de_Nueva_Zelanda"
"Chelín de Rhodesia del Sur - s‎","https://colnect.com/es/coins/countries/currency/1102-s_-_Chel%C3%ADn_de_Rhodesia_del_Sur"
"Chelín de Rhodesia y Nyasalandia - s‎","https://colnect.com/es/coins/countries/currency/1089-s_-_Chel%C3%ADn_de_Rhodesia_y_Nyasalandia"
"Chelín de Somalilandia - Sh‎","https://colnect.com/es/coins/countries/currency/188-Sh_-_Chel%C3%ADn_de_Somalilandia"
"Chelín de Tanzania - TSh‎","https://colnect.com/es/coins/countries/currency/196-TSh_-_Chel%C3%ADn_de_Tanzania"
"Chelín de Trinidad‎","https://colnect.com/es/coins/list/currency/1636-Chel%C3%ADn_de_Trinidad"
"Chelín de Zambia - s‎","https://colnect.com/es/coins/countries/currency/1111-s_-_Chel%C3%ADn_de_Zambia"
"Chelín de Zimbabue‎","https://colnect.com/es/coins/countries/currency/2794-Chel%C3%ADn_de_Zimbabue"
"Chelín Escocés‎","https://colnect.com/es/coins/countries/currency/1394-Chel%C3%ADn_Escoc%C3%A9s"
"Chelín holandés‎","https://colnect.com/es/coins/countries/currency/2840-Chel%C3%ADn_holand%C3%A9s"
"Chelín Irlandés - s‎","https://colnect.com/es/coins/countries/currency/1348-s_-_Chel%C3%ADn_Irland%C3%A9s"
"Chelín Jamaicano - s‎","https://colnect.com/es/coins/countries/currency/1053-s_-_Chel%C3%ADn_Jamaicano"
"Chelín keniano - Sh‎","https://colnect.com/es/coins/countries/currency/139-Sh_-_Chel%C3%ADn_keniano"
"Chelín Lituano‎","https://colnect.com/es/coins/countries/currency/1600-Chel%C3%ADn_Lituano"
"Chelín Nigeriano - s‎","https://colnect.com/es/coins/countries/currency/1078-s_-_Chel%C3%ADn_Nigeriano"
"Chelín Polaco - s‎","https://colnect.com/es/coins/list/currency/1587-s_-_Chel%C3%ADn_Polaco"
"Chelín Rodesiano - s‎","https://colnect.com/es/coins/countries/currency/1092-s_-_Chel%C3%ADn_Rodesiano"
"Chelín Somalí - Sh‎","https://colnect.com/es/coins/countries/currency/186-Sh_-_Chel%C3%ADn_Somal%C3%AD"
"Chelín Sudafricano - Sh‎","https://colnect.com/es/coins/countries/currency/1098-Sh_-_Chel%C3%ADn_Sudafricano"
"Chelín suizo - s‎","https://colnect.com/es/coins/countries/currency/1867-s_-_Chel%C3%ADn_suizo"
"Chelín Ugandés - Sh‎","https://colnect.com/es/coins/countries/currency/202-Sh_-_Chel%C3%ADn_Ugand%C3%A9s"
"Chelín, Tanzania‎","https://colnect.com/es/coins/countries/currency/2460-Chel%C3%ADn_Tanzania"
"Chertum bhutanesa‎","https://colnect.com/es/coins/list/currency/2170-Chertum_bhutanesa"
"Chervonets Ruso‎","https://colnect.com/es/coins/countries/currency/1370-Chervonets_Ruso"
"Chhertum butanés‎","https://colnect.com/es/coins/countries/currency/594-Chhertum_butan%C3%A9s"
"Chogin, Japón‎","https://colnect.com/es/coins/countries/currency/2329-Chogin_Jap%C3%B3n"
"Chon Coreano‎","https://colnect.com/es/coins/countries/currency/564-Chon_Coreano"
"Chon Norcoreano‎","https://colnect.com/es/coins/countries/currency/1264-Chon_Norcoreano"
"Chuckram Indio‎","https://colnect.com/es/coins/countries/currency/1496-Chuckram_Indio"
"Cifte turco‎","https://colnect.com/es/coins/countries/currency/2595-Cifte_turco"
"Cinquina de los Estados Italianos‎","https://colnect.com/es/coins/countries/currency/2711-Cinquina_de_los_Estados_Italianos"
"Cistophorus del Imperio Romano‎","https://colnect.com/es/coins/countries/currency/1907-Cistophorus_del_Imperio_Romano"
"Clay de Corea del Sur‎","https://colnect.com/es/coins/countries/currency/2739-Clay_de_Corea_del_Sur"
"Cobre de Estados Unidos‎","https://colnect.com/es/coins/countries/currency/2612-Cobre_de_Estados_Unidos"
"Colombina de los Estados Italianos‎","https://colnect.com/es/coins/list/currency/2705-Colombina_de_los_Estados_Italianos"
"Colón Costarricense - ₡‎","https://colnect.com/es/coins/countries/currency/110-%E2%82%A1_-_Col%C3%B3n_Costarricense"
"Colón Salvadoreño - ₡‎","https://colnect.com/es/coins/countries/currency/116-%E2%82%A1_-_Col%C3%B3n_Salvadore%C3%B1o"
"Cóndor chileno‎","https://colnect.com/es/coins/list/currency/2943-C%C3%B3ndor_chileno"
"Condor ecuatoriano‎","https://colnect.com/es/coins/list/currency/2132-Condor_ecuatoriano"
"Córdoba Nicaragüense - C$‎","https://colnect.com/es/coins/countries/currency/170-C_-_C%C3%B3rdoba_Nicarag%C3%BCense"
"Cornabo de los Estados Italianos‎","https://colnect.com/es/coins/list/currency/2669-Cornabo_de_los_Estados_Italianos"
"Cornado Español‎","https://colnect.com/es/coins/countries/currency/2135-Cornado_Espa%C3%B1ol"
"Cornuto de los Estados italianos‎","https://colnect.com/es/coins/countries/currency/2650-Cornuto_de_los_Estados_italianos"
"Corona alemana‎","https://colnect.com/es/coins/countries/currency/3082-Corona_alemana"
"Corona Australiana‎","https://colnect.com/es/coins/countries/currency/1981-Corona_Australiana"
"Corona Austro-Húngara‎","https://colnect.com/es/coins/countries/currency/1929-Corona_Austro-H%C3%BAngara"
"Corona Austro-Húngara - kr‎","https://colnect.com/es/coins/countries/currency/216-kr_-_Corona_Austro-H%C3%BAngara"
"Corona austrohúngara‎","https://colnect.com/es/coins/countries/currency/2835-Corona_austroh%C3%BAngara"
"Corona Británica‎","https://colnect.com/es/coins/countries/currency/1653-Corona_Brit%C3%A1nica"
"Corona británica de Borneo del Norte‎","https://colnect.com/es/coins/countries/currency/2916-Corona_brit%C3%A1nica_de_Borneo_del_Norte"
"Corona Cardo Escocesa‎","https://colnect.com/es/coins/list/currency/1395-Corona_Cardo_Escocesa"
"Corona Checa - Kč‎","https://colnect.com/es/coins/countries/currency/111-K%C4%8D_-_Corona_Checa"
"Corona Danesa - dkr.‎","https://colnect.com/es/coins/countries/currency/1325-dkr_-_Corona_Danesa"
"Corona de Biafra‎","https://colnect.com/es/coins/list/currency/1897-Corona_de_Biafra"
"Corona de Canadá‎","https://colnect.com/es/coins/list/currency/3066-Corona_de_Canad%C3%A1"
"Corona de Checoslovaquia - Kčs‎","https://colnect.com/es/coins/countries/currency/353-K%C4%8Ds_-_Corona_de_Checoslovaquia"
"Corona de Costa de Oro‎","https://colnect.com/es/coins/countries/currency/1627-Corona_de_Costa_de_Oro"
"Corona de Estonia - KR‎","https://colnect.com/es/coins/countries/currency/118-KR_-_Corona_de_Estonia"
"Corona de Gibraltar‎","https://colnect.com/es/coins/countries/currency/1656-Corona_de_Gibraltar"
"Corona de Isla Ascensión‎","https://colnect.com/es/coins/countries/currency/2241-Corona_de_Isla_Ascensi%C3%B3n"
"Corona de la India‎","https://colnect.com/es/coins/countries/currency/1963-Corona_de_la_India"
"Corona de la Isla de Man‎","https://colnect.com/es/coins/countries/currency/1657-Corona_de_la_Isla_de_Man"
"Corona de las Bermudas‎","https://colnect.com/es/coins/countries/currency/1759-Corona_de_las_Bermudas"
"Corona de las Islas Falkland (Malvinas)‎","https://colnect.com/es/coins/countries/currency/1655-Corona_de_las_Islas_Falkland_Malvinas"
"Corona de Malawi‎","https://colnect.com/es/coins/countries/currency/1912-Corona_de_Malawi"
"Corona de Myanmar‎","https://colnect.com/es/coins/list/currency/3067-Corona_de_Myanmar"
"Corona de Nueva Zelanda‎","https://colnect.com/es/coins/countries/currency/1772-Corona_de_Nueva_Zelanda"
"Corona de oro de los Países Bajos españoles‎","https://colnect.com/es/coins/countries/currency/1739-Corona_de_oro_de_los_Pa%C3%ADses_Bajos_espa%C3%B1oles"
"Corona de oro, Lieja‎","https://colnect.com/es/coins/list/currency/2375-Corona_de_oro_Lieja"
"Corona de oro, Suiza‎","https://colnect.com/es/coins/countries/currency/2512-Corona_de_oro_Suiza"
"Corona de Rhodesia del Sur‎","https://colnect.com/es/coins/countries/currency/1926-Corona_de_Rhodesia_del_Sur"
"Corona de Rodesia y Nyasalandia‎","https://colnect.com/es/coins/countries/currency/1580-Corona_de_Rodesia_y_Nyasalandia"
"Corona de Santa Helena‎","https://colnect.com/es/coins/countries/currency/1654-Corona_de_Santa_Helena"
"Corona de Tristán Da Cunha‎","https://colnect.com/es/coins/countries/currency/1551-Corona_de_Trist%C3%A1n_Da_Cunha"
"Corona de Turks & Caicos‎","https://colnect.com/es/coins/countries/currency/1658-Corona_de_Turks_Caicos"
"Corona Escocesa‎","https://colnect.com/es/coins/countries/currency/1393-Corona_Escocesa"
"Corona Eslovaca - SK‎","https://colnect.com/es/coins/countries/currency/185-SK_-_Corona_Eslovaca"
"Corona Ghanés‎","https://colnect.com/es/coins/countries/currency/2245-Corona_Ghan%C3%A9s"
"Corona holandesa‎","https://colnect.com/es/coins/countries/currency/2859-Corona_holandesa"
"Corona Húngara‎","https://colnect.com/es/coins/countries/currency/274-Corona_H%C3%BAngara"
"Corona irlandesa‎","https://colnect.com/es/coins/countries/currency/2315-Corona_irlandesa"
"Corona Islandesa - kr‎","https://colnect.com/es/coins/countries/currency/133-kr_-_Corona_Islandesa"
"Corona Noruega - kr‎","https://colnect.com/es/coins/countries/currency/23-kr_-_Corona_Noruega"
"Corona Sueca - kr‎","https://colnect.com/es/coins/countries/currency/192-kr_-_Corona_Sueca"
"Corona suiza‎","https://colnect.com/es/coins/countries/currency/2534-Corona_suiza"
"Corona yemení‎","https://colnect.com/es/coins/list/currency/2786-Corona_yemen%C3%AD"
"Corona Yugoslava‎","https://colnect.com/es/coins/countries/currency/1968-Corona_Yugoslava"
"Coronato de los Estados italianos‎","https://colnect.com/es/coins/countries/currency/2710-Coronato_de_los_Estados_italianos"
"Crazia de los Estados Italianos‎","https://colnect.com/es/coins/countries/currency/2254-Crazia_de_los_Estados_Italianos"
"Cristiano de Oro Danes‎","https://colnect.com/es/coins/countries/currency/2229-Cristiano_de_Oro_Danes"
"Croat, Estados Españoles‎","https://colnect.com/es/coins/countries/currency/2494-Croat_Estados_Espa%C3%B1oles"
"Crocione de los Estados italianos‎","https://colnect.com/es/coins/countries/currency/2701-Crocione_de_los_Estados_italianos"
"Cruzado Brasileño‎","https://colnect.com/es/coins/countries/currency/267-Cruzado_Brasile%C3%B1o"
"Cruzado español‎","https://colnect.com/es/coins/countries/currency/2967-Cruzado_espa%C3%B1ol"
"Cruzado, Portugal‎","https://colnect.com/es/coins/countries/currency/2459-Cruzado_Portugal"
"Cruzeiro de Brasil‎","https://colnect.com/es/coins/countries/currency/252-Cruzeiro_de_Brasil"
"Cruzeiro Real de Brasil‎","https://colnect.com/es/coins/countries/currency/659-Cruzeiro_Real_de_Brasil"
"Cuarto de penique de Estados Unidos‎","https://colnect.com/es/coins/countries/currency/2615-Cuarto_de_penique_de_Estados_Unidos"
"Cuarto suizo‎","https://colnect.com/es/coins/countries/currency/2531-Cuarto_suizo"
"Cuatro cuartos de oro turco‎","https://colnect.com/es/coins/list/currency/2578-Cuatro_cuartos_de_oro_turco"
"Curlandiae Taib‎","https://colnect.com/es/coins/countries/currency/1602-Curlandiae_Taib"
"Daalder Holandés‎","https://colnect.com/es/coins/countries/currency/2011-Daalder_Holand%C3%A9s"
"Daalder, Indias Orientales holandesas‎","https://colnect.com/es/coins/list/currency/2429-Daalder_Indias_Orientales_holandesas"
"Dalder león neerlandés‎","https://colnect.com/es/coins/countries/currency/2842-Dalder_le%C3%B3n_neerland%C3%A9s"
"Dalder príncipe neerlandés‎","https://colnect.com/es/coins/countries/currency/2844-Dalder_pr%C3%ADncipe_neerland%C3%A9s"
"Daler Danés‎","https://colnect.com/es/coins/countries/currency/2033-Daler_Dan%C3%A9s"
"Daler de Plata Sueco‎","https://colnect.com/es/coins/countries/currency/1379-Daler_de_Plata_Sueco"
"Daler India Occidental Danesa‎","https://colnect.com/es/coins/countries/currency/664-Daler_India_Occidental_Danesa"
"Daler, Lieja‎","https://colnect.com/es/coins/countries/currency/2367-Daler_Lieja"
"Dam Afgano‎","https://colnect.com/es/coins/countries/currency/1671-Dam_Afgano"
"Dam Indio‎","https://colnect.com/es/coins/countries/currency/1525-Dam_Indio"
"Dam Nepalí‎","https://colnect.com/es/coins/countries/currency/1518-Dam_Nepal%C3%AD"
"Décima suiza‎","https://colnect.com/es/coins/countries/currency/2515-D%C3%A9cima_suiza"
"Décimo Chileno‎","https://colnect.com/es/coins/countries/currency/1900-D%C3%A9cimo_Chileno"
"Décimo Colombiano‎","https://colnect.com/es/coins/countries/currency/1404-D%C3%A9cimo_Colombiano"
"Décimo de Mónaco‎","https://colnect.com/es/coins/countries/currency/1820-D%C3%A9cimo_de_M%C3%B3naco"
"Décimo Ecuatoriano‎","https://colnect.com/es/coins/countries/currency/1733-D%C3%A9cimo_Ecuatoriano"
"Décimo Francés‎","https://colnect.com/es/coins/countries/currency/1660-D%C3%A9cimo_Franc%C3%A9s"
"Dekanummium del Imperio Bizantino‎","https://colnect.com/es/coins/countries/currency/2148-Dekanummium_del_Imperio_Bizantino"
"Delfín Griego‎","https://colnect.com/es/coins/countries/currency/1980-Delf%C3%ADn_Griego"
"Denar de Transilvania‎","https://colnect.com/es/coins/countries/currency/2554-Denar_de_Transilvania"
"Denar Polaco‎","https://colnect.com/es/coins/countries/currency/1836-Denar_Polaco"
"Denare polaco‎","https://colnect.com/es/coins/countries/currency/2776-Denare_polaco"
"Denario del Imperio Bizantino‎","https://colnect.com/es/coins/countries/currency/1774-Denario_del_Imperio_Bizantino"
"Denario del Imperio Romano‎","https://colnect.com/es/coins/countries/currency/1877-Denario_del_Imperio_Romano"
"Denario español‎","https://colnect.com/es/coins/countries/currency/2978-Denario_espa%C3%B1ol"
"Denario Húngaro‎","https://colnect.com/es/coins/countries/currency/1597-Denario_H%C3%BAngaro"
"Denario neerlandés‎","https://colnect.com/es/coins/countries/currency/2853-Denario_neerland%C3%A9s"
"Denario suizo‎","https://colnect.com/es/coins/countries/currency/2532-Denario_suizo"
"Denaro del Estado Italiano - D.‎","https://colnect.com/es/coins/countries/currency/2014-D_-_Denaro_del_Estado_Italiano"
"Denga Ruso‎","https://colnect.com/es/coins/countries/currency/1846-Denga_Ruso"
"Dengi/Para de Moldavia y Valaquia‎","https://colnect.com/es/coins/countries/currency/1617-DengiPara_de_Moldavia_y_Valaquia"
"Deni Macedonio - ден‎","https://colnect.com/es/coins/list/currency/665-%D0%B4%D0%B5%D0%BD_-_Deni_Macedonio"
"Denier Alemán‎","https://colnect.com/es/coins/countries/currency/1972-Denier_Alem%C3%A1n"
"Denier carolingio‎","https://colnect.com/es/coins/countries/currency/2861-Denier_carolingio"
"Denier de los Cruzados‎","https://colnect.com/es/coins/countries/currency/2001-Denier_de_los_Cruzados"
"Denier de los Países Bajos españoles‎","https://colnect.com/es/coins/countries/currency/1740-Denier_de_los_Pa%C3%ADses_Bajos_espa%C3%B1oles"
"Denier Francés‎","https://colnect.com/es/coins/countries/currency/666-Denier_Franc%C3%A9s"
"Denier tournois, Mónaco‎","https://colnect.com/es/coins/countries/currency/2402-Denier_tournois_M%C3%B3naco"
"Denier, Suiza‎","https://colnect.com/es/coins/countries/currency/2345-Denier_Suiza"
"Deniers Tournois francés‎","https://colnect.com/es/coins/countries/currency/1724-Deniers_Tournois_franc%C3%A9s"
"Denning danés‎","https://colnect.com/es/coins/countries/currency/2221-Denning_dan%C3%A9s"
"Dhabu Indio‎","https://colnect.com/es/coins/countries/currency/1550-Dhabu_Indio"
"Dhinglo Indio‎","https://colnect.com/es/coins/countries/currency/1498-Dhinglo_Indio"
"Diamante de los Estados italianos‎","https://colnect.com/es/coins/countries/currency/2672-Diamante_de_los_Estados_italianos"
"Dicalco seléucida‎","https://colnect.com/es/coins/countries/currency/2693-Dicalco_sel%C3%A9ucida"
"Dicálcon, Antigua Grecia‎","https://colnect.com/es/coins/countries/currency/3105-Dic%C3%A1lcon_Antigua_Grecia"
"Dichalcon de Grecia Antigua‎","https://colnect.com/es/coins/countries/currency/3048-Dichalcon_de_Grecia_Antigua"
"Dichalkon, Imperio seléucida‎","https://colnect.com/es/coins/countries/currency/3103-Dichalkon_Imperio_sel%C3%A9ucida"
"Dicken de los Estados italianos‎","https://colnect.com/es/coins/list/currency/2691-Dicken_de_los_Estados_italianos"
"Dicken, Suiza‎","https://colnect.com/es/coins/countries/currency/2320-Dicken_Suiza"
"Didrachm de la Grecia Antigua‎","https://colnect.com/es/coins/countries/currency/2091-Didrachm_de_la_Grecia_Antigua"
"Dime, Nicaragua‎","https://colnect.com/es/coins/countries/currency/2445-Dime_Nicaragua"
"Dinar afgano‎","https://colnect.com/es/coins/list/currency/2128-Dinar_afgano"
"Dinar Argelino - د.ج‎","https://colnect.com/es/coins/countries/currency/75-%D8%AF%D8%AC_-_Dinar_Argelino"
"Dinar Bahreiní - ب.د‎","https://colnect.com/es/coins/countries/currency/84-%D8%A8%D8%AF_-_Dinar_Bahrein%C3%AD"
"Dinar de Andorra - D.‎","https://colnect.com/es/coins/countries/currency/686-D_-_Dinar_de_Andorra"
"Dinar de Bosnia y Herzegovina‎","https://colnect.com/es/coins/countries/currency/266-Dinar_de_Bosnia_y_Herzegovina"
"Dinar del Principado de Moldavia‎","https://colnect.com/es/coins/countries/currency/1704-Dinar_del_Principado_de_Moldavia"
"Dinar Iraní‎","https://colnect.com/es/coins/countries/currency/1419-Dinar_Iran%C3%AD"
"Dinar Iraquí - ع.د‎","https://colnect.com/es/coins/countries/currency/42-%D8%B9%D8%AF_-_Dinar_Iraqu%C3%AD"
"Dinar Jordano - د.ا‎","https://colnect.com/es/coins/countries/currency/43-%D8%AF%D8%A7_-_Dinar_Jordano"
"Dinar kuwaití - د.ك‎","https://colnect.com/es/coins/countries/currency/40-%D8%AF%D9%83_-_Dinar_kuwait%C3%AD"
"Dinar Libio - ل.د‎","https://colnect.com/es/coins/countries/currency/150-%D9%84%D8%AF_-_Dinar_Libio"
"Dinar Lituano‎","https://colnect.com/es/coins/countries/currency/2181-Dinar_Lituano"
"Dinar Macedonio - ден‎","https://colnect.com/es/coins/countries/currency/153-%D0%B4%D0%B5%D0%BD_-_Dinar_Macedonio"
"Dinar Serbio - din‎","https://colnect.com/es/coins/countries/currency/28-din_-_Dinar_Serbio"
"Dinar Sirio‎","https://colnect.com/es/coins/list/currency/2165-Dinar_Sirio"
"Dinar Sudanés - LSd‎","https://colnect.com/es/coins/countries/currency/682-LSd_-_Dinar_Sudan%C3%A9s"
"Dinar Suryemeni - Y£‎","https://colnect.com/es/coins/countries/currency/680-Y%C2%A3_-_Dinar_Suryemeni"
"Dinar Tunecino - د.ت‎","https://colnect.com/es/coins/countries/currency/200-%D8%AF%D8%AA_-_Dinar_Tunecino"
"Dinar Yugoslavo - din.‎","https://colnect.com/es/coins/countries/currency/328-din_-_Dinar_Yugoslavo"
"Dinar, Arabia Saudita‎","https://colnect.com/es/coins/countries/currency/2466-Dinar_Arabia_Saudita"
"Dinar, Malasia‎","https://colnect.com/es/coins/countries/currency/2393-Dinar_Malasia"
"Dinar, Marruecos‎","https://colnect.com/es/coins/countries/currency/2411-Dinar_Marruecos"
"Diner español‎","https://colnect.com/es/coins/countries/currency/2975-Diner_espa%C3%B1ol"
"Dinero Español‎","https://colnect.com/es/coins/countries/currency/688-Dinero_Espa%C3%B1ol"
"Dinero Peruano‎","https://colnect.com/es/coins/countries/currency/1608-Dinero_Peruano"
"Dinheiro India Portuguesa‎","https://colnect.com/es/coins/countries/currency/2295-Dinheiro_India_Portuguesa"
"Diobol de la Grecia Antigua‎","https://colnect.com/es/coins/countries/currency/2094-Diobol_de_la_Grecia_Antigua"
"Dióbolo egipcio‎","https://colnect.com/es/coins/countries/currency/2077-Di%C3%B3bolo_egipcio"
"Diram almohade español‎","https://colnect.com/es/coins/countries/currency/2390-Diram_almohade_espa%C3%B1ol"
"Diram Tajikistaní‎","https://colnect.com/es/coins/countries/currency/1223-Diram_Tajikistan%C3%AD"
"Dírham ajmani‎","https://colnect.com/es/coins/list/currency/2791-D%C3%ADrham_ajmani"
"Dirham de Emiratos Árabes Unidos - د.إ‎","https://colnect.com/es/coins/countries/currency/203-%D8%AF%D8%A5_-_Dirham_de_Emiratos_%C3%81rabes_Unidos"
"Dirham de Jordania‎","https://colnect.com/es/coins/countries/currency/671-Dirham_de_Jordania"
"Dirham de los Estados Malayos‎","https://colnect.com/es/coins/countries/currency/674-Dirham_de_los_Estados_Malayos"
"Dirham del Imperio Selyúcida‎","https://colnect.com/es/coins/countries/currency/2153-Dirham_del_Imperio_Sely%C3%BAcida"
"Dirham Indio‎","https://colnect.com/es/coins/list/currency/1938-Dirham_Indio"
"Dirham iraquí‎","https://colnect.com/es/coins/countries/currency/2269-Dirham_iraqu%C3%AD"
"Dirham Libio‎","https://colnect.com/es/coins/countries/currency/677-Dirham_Libio"
"Dirham Marroquí - د.م.‎","https://colnect.com/es/coins/countries/currency/162-%D8%AF%D9%85_-_Dirham_Marroqu%C3%AD"
"Dirham persa‎","https://colnect.com/es/coins/countries/currency/1530-Dirham_persa"
"Dirham Sirio‎","https://colnect.com/es/coins/countries/currency/2162-Dirham_Sirio"
"Dirham tunecino‎","https://colnect.com/es/coins/list/currency/2564-Dirham_tunecino"
"Dirham Turco‎","https://colnect.com/es/coins/countries/currency/2008-Dirham_Turco"
"Dirhamr Qatarí‎","https://colnect.com/es/coins/countries/currency/1163-Dirhamr_Qatar%C3%AD"
"Dirhem armenio‎","https://colnect.com/es/coins/countries/currency/2805-Dirhem_armenio"
"Dirhem de la Horda Dorada‎","https://colnect.com/es/coins/countries/currency/1462-Dirhem_de_la_Horda_Dorada"
"Dirhem de los Estados italianos‎","https://colnect.com/es/coins/list/currency/2732-Dirhem_de_los_Estados_italianos"
"Dirhem español‎","https://colnect.com/es/coins/countries/currency/2568-Dirhem_espa%C3%B1ol"
"Dizain francés‎","https://colnect.com/es/coins/countries/currency/3046-Dizain_franc%C3%A9s"
"Dobla española‎","https://colnect.com/es/coins/countries/currency/2962-Dobla_espa%C3%B1ola"
"Doble de Guernsey‎","https://colnect.com/es/coins/countries/currency/1414-Doble_de_Guernsey"
"Doble dinar, Marruecos‎","https://colnect.com/es/coins/countries/currency/2412-Doble_dinar_Marruecos"
"Doble franco-c francés‎","https://colnect.com/es/coins/list/currency/2947-Doble_franco-c_franc%C3%A9s"
"Doble lorrain francés‎","https://colnect.com/es/coins/countries/currency/3021-Doble_lorrain_franc%C3%A9s"
"Doble Tournois francés‎","https://colnect.com/es/coins/countries/currency/1720-Doble_Tournois_franc%C3%A9s"
"Doble vacquette francés‎","https://colnect.com/es/coins/list/currency/3022-Doble_vacquette_franc%C3%A9s"
"Dobler, Estados españoles‎","https://colnect.com/es/coins/countries/currency/2485-Dobler_Estados_espa%C3%B1oles"
"Dobra de Santo Tomé y Príncipe - Db‎","https://colnect.com/es/coins/countries/currency/182-Db_-_Dobra_de_Santo_Tom%C3%A9_y_Pr%C3%ADncipe"
"Dodecanumio del Imperio Bizantino‎","https://colnect.com/es/coins/countries/currency/3043-Dodecanumio_del_Imperio_Bizantino"
"Dog, Montserrat‎","https://colnect.com/es/coins/countries/currency/2407-Dog_Montserrat"
"Dokda, India (Estados Principescos)‎","https://colnect.com/es/coins/countries/currency/2495-Dokda_India_Estados_Principescos"
"Dokdo Indio‎","https://colnect.com/es/coins/countries/currency/1482-Dokdo_Indio"
"Dólar Australiano - $‎","https://colnect.com/es/coins/countries/currency/29-_-_D%C3%B3lar_Australiano"
"Dólar Bahameño - $‎","https://colnect.com/es/coins/countries/currency/83-_-_D%C3%B3lar_Bahame%C3%B1o"
"Dólar Canadiense - $‎","https://colnect.com/es/coins/countries/currency/101-_-_D%C3%B3lar_Canadiense"
"Dólar Chino‎","https://colnect.com/es/coins/countries/currency/1316-D%C3%B3lar_Chino"
"Dólar comercial japonés‎","https://colnect.com/es/coins/countries/currency/2333-D%C3%B3lar_comercial_japon%C3%A9s"
"Dólar de Ascensión‎","https://colnect.com/es/coins/countries/currency/3091-D%C3%B3lar_de_Ascensi%C3%B3n"
"Dólar de Barbados - Bds$‎","https://colnect.com/es/coins/countries/currency/53-Bds_-_D%C3%B3lar_de_Barbados"
"Dólar de Belice - $‎","https://colnect.com/es/coins/countries/currency/87-_-_D%C3%B3lar_de_Belice"
"Dólar de Brunéi - B$‎","https://colnect.com/es/coins/countries/currency/58-B_-_D%C3%B3lar_de_Brun%C3%A9i"
"Dólar de Eritrea‎","https://colnect.com/es/coins/countries/currency/2069-D%C3%B3lar_de_Eritrea"
"Dólar de Estados Unidos - $‎","https://colnect.com/es/coins/countries/currency/2-_-_D%C3%B3lar_de_Estados_Unidos"
"Dólar de Fiji - $‎","https://colnect.com/es/coins/countries/currency/37-_-_D%C3%B3lar_de_Fiji"
"Dólar de Hong Kong - HK$‎","https://colnect.com/es/coins/countries/currency/131-HK_-_D%C3%B3lar_de_Hong_Kong"
"Dólar de Islas Caimán - $‎","https://colnect.com/es/coins/countries/currency/103-_-_D%C3%B3lar_de_Islas_Caim%C3%A1n"
"Dólar de Islas Cocos (Keeling) - $‎","https://colnect.com/es/coins/countries/currency/105-_-_D%C3%B3lar_de_Islas_Cocos_Keeling"
"Dólar de Islas Cook - $‎","https://colnect.com/es/coins/countries/currency/109-_-_D%C3%B3lar_de_Islas_Cook"
"Dólar de Islas Marianas del Norte - $‎","https://colnect.com/es/coins/countries/currency/174-_-_D%C3%B3lar_de_Islas_Marianas_del_Norte"
"Dólar de Islas Vírgenes Británicas - $‎","https://colnect.com/es/coins/countries/currency/96-_-_D%C3%B3lar_de_Islas_V%C3%ADrgenes_Brit%C3%A1nicas"
"Dólar de Jamaica - $‎","https://colnect.com/es/coins/countries/currency/137-_-_D%C3%B3lar_de_Jamaica"
"Dólar de Kiribati - $‎","https://colnect.com/es/coins/countries/currency/140-_-_D%C3%B3lar_de_Kiribati"
"Dólar de las Bermudas - $‎","https://colnect.com/es/coins/countries/currency/89-_-_D%C3%B3lar_de_las_Bermudas"
"Dólar de las Indias Occidentales Británicas - $‎","https://colnect.com/es/coins/countries/currency/701-_-_D%C3%B3lar_de_las_Indias_Occidentales_Brit%C3%A1nicas"
"Dólar de las Islas Marshall - $‎","https://colnect.com/es/coins/countries/currency/1612-_-_D%C3%B3lar_de_las_Islas_Marshall"
"Dólar de las Islas Salomón - SI$‎","https://colnect.com/es/coins/countries/currency/45-SI_-_D%C3%B3lar_de_las_Islas_Salom%C3%B3n"
"Dólar de Liberia - $‎","https://colnect.com/es/coins/countries/currency/148-_-_D%C3%B3lar_de_Liberia"
"Dólar de Micronesia - $‎","https://colnect.com/es/coins/countries/currency/159-_-_D%C3%B3lar_de_Micronesia"
"Dólar de Namibia - N$‎","https://colnect.com/es/coins/countries/currency/165-N_-_D%C3%B3lar_de_Namibia"
"Dólar de Nauru - $‎","https://colnect.com/es/coins/countries/currency/166-_-_D%C3%B3lar_de_Nauru"
"Dólar de Niue - $‎","https://colnect.com/es/coins/countries/currency/172-_-_D%C3%B3lar_de_Niue"
"Dólar de Nueva Zelanda - $‎","https://colnect.com/es/coins/countries/currency/18-_-_D%C3%B3lar_de_Nueva_Zelanda"
"Dólar de Palao - $‎","https://colnect.com/es/coins/countries/currency/175-_-_D%C3%B3lar_de_Palao"
"Dólar de Samoa Americana - $‎","https://colnect.com/es/coins/countries/currency/1611-_-_D%C3%B3lar_de_Samoa_Americana"
"Dólar de Sierra Leona‎","https://colnect.com/es/coins/countries/currency/736-D%C3%B3lar_de_Sierra_Leona"
"Dólar de Singapur - $‎","https://colnect.com/es/coins/countries/currency/44-_-_D%C3%B3lar_de_Singapur"
"Dólar de Terranova - $‎","https://colnect.com/es/coins/list/currency/725-_-_D%C3%B3lar_de_Terranova"
"Dólar de Tokelau‎","https://colnect.com/es/coins/countries/currency/1674-D%C3%B3lar_de_Tokelau"
"Dólar de Trinidad y Tobago - TT$‎","https://colnect.com/es/coins/countries/currency/61-TT_-_D%C3%B3lar_de_Trinidad_y_Tobago"
"Dólar de Tuvalu - $‎","https://colnect.com/es/coins/countries/currency/50-_-_D%C3%B3lar_de_Tuvalu"
"Dólar de Zimbabue - Z$‎","https://colnect.com/es/coins/countries/currency/209-Z_-_D%C3%B3lar_de_Zimbabue"
"Dólar de Zimbabwe‎","https://colnect.com/es/coins/countries/currency/2301-D%C3%B3lar_de_Zimbabwe"
"Dólar del Caribe Oriental - EC$‎","https://colnect.com/es/coins/countries/currency/54-EC_-_D%C3%B3lar_del_Caribe_Oriental"
"Dólar del comercio Británico‎","https://colnect.com/es/coins/countries/currency/1798-D%C3%B3lar_del_comercio_Brit%C3%A1nico"
"Dólar del Estrecho - $‎","https://colnect.com/es/coins/countries/currency/739-_-_D%C3%B3lar_del_Estrecho"
"Dólar Dominicano - $‎","https://colnect.com/es/coins/countries/currency/706-_-_D%C3%B3lar_Dominicano"
"Dólar Etíope - $‎","https://colnect.com/es/coins/countries/currency/1685-_-_D%C3%B3lar_Et%C3%ADope"
"Dólar Guyanés - $‎","https://colnect.com/es/coins/countries/currency/128-_-_D%C3%B3lar_Guyan%C3%A9s"
"Dólar Hawaiano - $‎","https://colnect.com/es/coins/countries/currency/1415-_-_D%C3%B3lar_Hawaiano"
"Dólar Malayo - $‎","https://colnect.com/es/coins/countries/currency/718-_-_D%C3%B3lar_Malayo"
"Dólar nuevo Taiwanés - NT$‎","https://colnect.com/es/coins/countries/currency/194-NT_-_D%C3%B3lar_nuevo_Taiwan%C3%A9s"
"Dólar Puertorriqueño - $‎","https://colnect.com/es/coins/countries/currency/730-_-_D%C3%B3lar_Puertorrique%C3%B1o"
"Dólar Somalí - $‎","https://colnect.com/es/coins/countries/currency/1459-_-_D%C3%B3lar_Somal%C3%AD"
"Dólar Surinamés - $‎","https://colnect.com/es/coins/countries/currency/190-_-_D%C3%B3lar_Surinam%C3%A9s"
"Dólar, Islas Turcas y Caicos - $‎","https://colnect.com/es/coins/countries/currency/2316-_-_D%C3%B3lar_Islas_Turcas_y_Caicos"
"Dólar, Samoa - WS$‎","https://colnect.com/es/coins/countries/currency/2454-WS_-_D%C3%B3lar_Samoa"
"Dollar de Pitcairn - $‎","https://colnect.com/es/coins/countries/currency/1770-_-_Dollar_de_Pitcairn"
"Dồng de Vietnam del Norte - ₫‎","https://colnect.com/es/coins/countries/currency/752-%E2%82%AB_-_D%E1%BB%93ng_de_Vietnam_del_Norte"
"Dồng Survietnamita - Đ.‎","https://colnect.com/es/coins/countries/currency/755-%C4%90_-_D%E1%BB%93ng_Survietnamita"
"Doppelvierer de los Estados italianos‎","https://colnect.com/es/coins/list/currency/2675-Doppelvierer_de_los_Estados_italianos"
"Doppia de los Estados Italianos‎","https://colnect.com/es/coins/countries/currency/1431-Doppia_de_los_Estados_Italianos"
"Doppia de los Estados Pontificios‎","https://colnect.com/es/coins/countries/currency/1480-Doppia_de_los_Estados_Pontificios"
"Doppia de oro de los Estados Pontificios‎","https://colnect.com/es/coins/countries/currency/2624-Doppia_de_oro_de_los_Estados_Pontificios"
"Doppia, Mónaco‎","https://colnect.com/es/coins/countries/currency/2400-Doppia_M%C3%B3naco"
"Doppiette de los Estados italianos‎","https://colnect.com/es/coins/countries/currency/2721-Doppiette_de_los_Estados_italianos"
"Doudou de las Indias Francesas‎","https://colnect.com/es/coins/countries/currency/1588-Doudou_de_las_Indias_Francesas"
"Doudou indio‎","https://colnect.com/es/coins/countries/currency/1879-Doudou_indio"
"Douverain D'or de los Países Bajos españoles‎","https://colnect.com/es/coins/countries/currency/1753-Douverain_Dor_de_los_Pa%C3%ADses_Bajos_espa%C3%B1oles"
"Douzain de Francia‎","https://colnect.com/es/coins/countries/currency/2120-Douzain_de_Francia"
"Douzain de los Estados Pontificios‎","https://colnect.com/es/coins/countries/currency/2631-Douzain_de_los_Estados_Pontificios"
"Drachma de la Grecia Antigua‎","https://colnect.com/es/coins/countries/currency/2095-Drachma_de_la_Grecia_Antigua"
"Dracma del Imperio Huno - Indo-Hepht‎","https://colnect.com/es/coins/list/currency/2003-Indo-Hepht_-_Dracma_del_Imperio_Huno"
"Dracma del Imperio Romano‎","https://colnect.com/es/coins/countries/currency/1440-Dracma_del_Imperio_Romano"
"Dracma del Imperio Sasánida‎","https://colnect.com/es/coins/countries/currency/2152-Dracma_del_Imperio_Sas%C3%A1nida"
"Dracma del Imperio seléucida‎","https://colnect.com/es/coins/list/currency/3121-Dracma_del_Imperio_sel%C3%A9ucida"
"Dracma egipcio‎","https://colnect.com/es/coins/countries/currency/2079-Dracma_egipcio"
"Dracma español‎","https://colnect.com/es/coins/countries/currency/2591-Dracma_espa%C3%B1ol"
"Dracma Griego - ₯‎","https://colnect.com/es/coins/countries/currency/757-%E2%82%AF_-_Dracma_Griego"
"Dracma Indio‎","https://colnect.com/es/coins/countries/currency/1503-Dracma_Indio"
"Dracma Iraní‎","https://colnect.com/es/coins/countries/currency/1531-Dracma_Iran%C3%AD"
"Dram Armenio - դր.‎","https://colnect.com/es/coins/countries/currency/79-%D5%A4%D6%80_-_Dram_Armenio"
"Dreier alemán‎","https://colnect.com/es/coins/countries/currency/2961-Dreier_alem%C3%A1n"
"Dreier de los Estados italianos‎","https://colnect.com/es/coins/list/currency/2661-Dreier_de_los_Estados_italianos"
"Dreiling Aleman‎","https://colnect.com/es/coins/countries/currency/2198-Dreiling_Aleman"
"Drihacm Indio‎","https://colnect.com/es/coins/countries/currency/1549-Drihacm_Indio"
"Duarius Húngaro‎","https://colnect.com/es/coins/countries/currency/1649-Duarius_H%C3%BAngaro"
"Dub Indiano‎","https://colnect.com/es/coins/countries/currency/2265-Dub_Indiano"
"Ducado Alemán‎","https://colnect.com/es/coins/countries/currency/1951-Ducado_Alem%C3%A1n"
"Ducado austrohúngaro‎","https://colnect.com/es/coins/countries/currency/2887-Ducado_austroh%C3%BAngaro"
"Ducado Danés‎","https://colnect.com/es/coins/countries/currency/2224-Ducado_Dan%C3%A9s"
"Ducado de Curlandiae‎","https://colnect.com/es/coins/countries/currency/2769-Ducado_de_Curlandiae"
"Ducado de Liechtenstein‎","https://colnect.com/es/coins/countries/currency/2380-Ducado_de_Liechtenstein"
"Ducado de Lituania‎","https://colnect.com/es/coins/countries/currency/2356-Ducado_de_Lituania"
"Ducado de los Países Bajos austríacos‎","https://colnect.com/es/coins/list/currency/2890-Ducado_de_los_Pa%C3%ADses_Bajos_austr%C3%ADacos"
"Ducado de plata holandés‎","https://colnect.com/es/coins/countries/currency/2824-Ducado_de_plata_holand%C3%A9s"
"Ducado de Ragusa‎","https://colnect.com/es/coins/countries/currency/2757-Ducado_de_Ragusa"
"Ducado de Suiza‎","https://colnect.com/es/coins/countries/currency/2321-Ducado_de_Suiza"
"Ducado Escocés‎","https://colnect.com/es/coins/countries/currency/1396-Ducado_Escoc%C3%A9s"
"Ducado español‎","https://colnect.com/es/coins/countries/currency/2950-Ducado_espa%C3%B1ol"
"Ducado húngaro‎","https://colnect.com/es/coins/countries/currency/3036-Ducado_h%C3%BAngaro"
"Ducado neerlandés‎","https://colnect.com/es/coins/countries/currency/2848-Ducado_neerland%C3%A9s"
"Ducado polaco‎","https://colnect.com/es/coins/countries/currency/2767-Ducado_polaco"
"Ducado Ruso‎","https://colnect.com/es/coins/countries/currency/1916-Ducado_Ruso"
"Ducado Sueco‎","https://colnect.com/es/coins/countries/currency/1930-Ducado_Sueco"
"Ducado, Indias Orientales holandesas‎","https://colnect.com/es/coins/countries/currency/2427-Ducado_Indias_Orientales_holandesas"
"Ducado, Lieja‎","https://colnect.com/es/coins/countries/currency/2377-Ducado_Lieja"
"Ducado, Livonia‎","https://colnect.com/es/coins/countries/currency/2359-Ducado_Livonia"
"Ducado, Noruega‎","https://colnect.com/es/coins/countries/currency/2452-Ducado_Noruega"
"Ducado, Países Bajos españoles‎","https://colnect.com/es/coins/countries/currency/2500-Ducado_Pa%C3%ADses_Bajos_espa%C3%B1oles"
"Ducat de los Estados italianos‎","https://colnect.com/es/coins/countries/currency/2707-Ducat_de_los_Estados_italianos"
"Ducato de los Estados Italianos‎","https://colnect.com/es/coins/countries/currency/1522-Ducato_de_los_Estados_Italianos"
"Ducato, Indias Orientales holandesas‎","https://colnect.com/es/coins/countries/currency/2428-Ducato_Indias_Orientales_holandesas"
"Ducaton de los Paises Bajos austriacos‎","https://colnect.com/es/coins/countries/currency/2059-Ducaton_de_los_Paises_Bajos_austriacos"
"Ducaton de los Países Bajos españoles‎","https://colnect.com/es/coins/countries/currency/1741-Ducaton_de_los_Pa%C3%ADses_Bajos_espa%C3%B1oles"
"Ducaton Holandés‎","https://colnect.com/es/coins/countries/currency/2012-Ducaton_Holand%C3%A9s"
"Ducatone de los Estados Italianos‎","https://colnect.com/es/coins/countries/currency/1520-Ducatone_de_los_Estados_Italianos"
"Ducatone, Lieja‎","https://colnect.com/es/coins/countries/currency/2378-Ducatone_Lieja"
"Dueng pot tailandés‎","https://colnect.com/es/coins/countries/currency/2551-Dueng_pot_tailand%C3%A9s"
"Duetto de los Estados italianos‎","https://colnect.com/es/coins/countries/currency/2688-Duetto_de_los_Estados_italianos"
"Duit de Ceilán‎","https://colnect.com/es/coins/countries/currency/2184-Duit_de_Ceil%C3%A1n"
"Duit de las Indias Holandesas‎","https://colnect.com/es/coins/countries/currency/1618-Duit_de_las_Indias_Holandesas"
"Duit de los Países Bajos austríacos‎","https://colnect.com/es/coins/countries/currency/2893-Duit_de_los_Pa%C3%ADses_Bajos_austr%C3%ADacos"
"Duit Holandés‎","https://colnect.com/es/coins/countries/currency/1382-Duit_Holand%C3%A9s"
"Duit, Alemania‎","https://colnect.com/es/coins/countries/currency/2392-Duit_Alemania"
"Duit, Indias Orientales holandesas‎","https://colnect.com/es/coins/countries/currency/2440-Duit_Indias_Orientales_holandesas"
"Duit, Suriname‎","https://colnect.com/es/coins/countries/currency/2505-Duit_Suriname"
"Dukat Austro-Húngaro‎","https://colnect.com/es/coins/countries/currency/1623-Dukat_Austro-H%C3%BAngaro"
"Dukat Checoslovaco‎","https://colnect.com/es/coins/countries/currency/1625-Dukat_Checoslovaco"
"Dukat Croata‎","https://colnect.com/es/coins/countries/currency/1624-Dukat_Croata"
"Dukat de Bosnia y Herzegovina‎","https://colnect.com/es/coins/countries/currency/2173-Dukat_de_Bosnia_y_Herzegovina"
"Dukat de Transilvania‎","https://colnect.com/es/coins/countries/currency/1843-Dukat_de_Transilvania"
"Dukat Polaco‎","https://colnect.com/es/coins/countries/currency/1692-Dukat_Polaco"
"Dukat yugoslavo‎","https://colnect.com/es/coins/countries/currency/2787-Dukat_yugoslavo"
"Duplone, Suiza‎","https://colnect.com/es/coins/countries/currency/2322-Duplone_Suiza"
"Dupondius del Imperio Romano‎","https://colnect.com/es/coins/countries/currency/1891-Dupondius_del_Imperio_Romano"
"Đông Vietnamita - ₫‎","https://colnect.com/es/coins/countries/currency/207-%E2%82%AB_-_%C4%90%C3%B4ng_Vietnamita"
"ECU - Unidad monetaria europea‎","https://colnect.com/es/coins/countries/currency/2422-ECU_-_Unidad_monetaria_europea"
"Ecu D'or Francés‎","https://colnect.com/es/coins/countries/currency/3003-Ecu_Dor_Franc%C3%A9s"
"Ecu de Bosnia y Herzegovina‎","https://colnect.com/es/coins/countries/currency/2174-Ecu_de_Bosnia_y_Herzegovina"
"Ecu de los Estados Pontificios‎","https://colnect.com/es/coins/countries/currency/2628-Ecu_de_los_Estados_Pontificios"
"Ecu de los Países Bajos españoles‎","https://colnect.com/es/coins/countries/currency/1742-Ecu_de_los_Pa%C3%ADses_Bajos_espa%C3%B1oles"
"Ecu de oro suizo‎","https://colnect.com/es/coins/list/currency/2519-Ecu_de_oro_suizo"
"ECU de oro, Lieja‎","https://colnect.com/es/coins/countries/currency/2379-ECU_de_oro_Lieja"
"Ecu Francés‎","https://colnect.com/es/coins/countries/currency/1688-Ecu_Franc%C3%A9s"
"Ecu-pistolet suizo‎","https://colnect.com/es/coins/countries/currency/2525-Ecu-pistolet_suizo"
"Ecu, Marruecos‎","https://colnect.com/es/coins/countries/currency/2408-Ecu_Marruecos"
"ECU, Mónaco‎","https://colnect.com/es/coins/countries/currency/2405-ECU_M%C3%B3naco"
"Ekwelw de Guinea Ecuatorial‎","https://colnect.com/es/coins/countries/currency/767-Ekwelw_de_Guinea_Ecuatorial"
"Emistatere francés‎","https://colnect.com/es/coins/list/currency/2921-Emistatere_franc%C3%A9s"
"Enri D'or francés‎","https://colnect.com/es/coins/list/currency/3004-Enri_Dor_franc%C3%A9s"
"Escalin de Guadalupe‎","https://colnect.com/es/coins/countries/currency/2250-Escalin_de_Guadalupe"
"Escalin de los Estados italianos‎","https://colnect.com/es/coins/list/currency/2697-Escalin_de_los_Estados_italianos"
"Escalin de los Países Bajos austriacos‎","https://colnect.com/es/coins/countries/currency/2058-Escalin_de_los_Pa%C3%ADses_Bajos_austriacos"
"Escalin de los Países Bajos españoles‎","https://colnect.com/es/coins/countries/currency/1743-Escalin_de_los_Pa%C3%ADses_Bajos_espa%C3%B1oles"
"Escalin haitiano‎","https://colnect.com/es/coins/countries/currency/2259-Escalin_haitiano"
"Escalin, Lieja‎","https://colnect.com/es/coins/countries/currency/2368-Escalin_Lieja"
"Escalin, Martinica‎","https://colnect.com/es/coins/countries/currency/2395-Escalin_Martinica"
"Escudo Angoleño - $‎","https://colnect.com/es/coins/countries/currency/273-_-_Escudo_Angole%C3%B1o"
"Escudo Argentino‎","https://colnect.com/es/coins/countries/currency/1717-Escudo_Argentino"
"Escudo Azoreano‎","https://colnect.com/es/coins/countries/currency/1644-Escudo_Azoreano"
"Escudo Boliviano‎","https://colnect.com/es/coins/countries/currency/1199-Escudo_Boliviano"
"Escudo Caboverdiano - $‎","https://colnect.com/es/coins/countries/currency/102-_-_Escudo_Caboverdiano"
"Escudo Chileno - Eº‎","https://colnect.com/es/coins/countries/currency/269-E%C2%BA_-_Escudo_Chileno"
"Escudo Colombiano‎","https://colnect.com/es/coins/countries/currency/1403-Escudo_Colombiano"
"Escudo de Costa Rica‎","https://colnect.com/es/coins/countries/currency/2193-Escudo_de_Costa_Rica"
"Escudo de Jamaica‎","https://colnect.com/es/coins/countries/currency/2325-Escudo_de_Jamaica"
"Escudo de la Guinea Portuguesa - $‎","https://colnect.com/es/coins/countries/currency/764-_-_Escudo_de_la_Guinea_Portuguesa"
"Escudo de la República Centroamericana‎","https://colnect.com/es/coins/countries/currency/1559-Escudo_de_la_Rep%C3%BAblica_Centroamericana"
"Escudo de las Indias Portuguesas - $‎","https://colnect.com/es/coins/countries/currency/765-_-_Escudo_de_las_Indias_Portuguesas"
"Escudo de los Estados Italianos‎","https://colnect.com/es/coins/countries/currency/1437-Escudo_de_los_Estados_Italianos"
"Escudo de los Estados Pontificios‎","https://colnect.com/es/coins/countries/currency/1204-Escudo_de_los_Estados_Pontificios"
"Escudo de Malta (SMOM)‎","https://colnect.com/es/coins/countries/currency/1885-Escudo_de_Malta_SMOM"
"Escudo de Mónaco‎","https://colnect.com/es/coins/countries/currency/1819-Escudo_de_M%C3%B3naco"
"Escudo de Mozambique - $‎","https://colnect.com/es/coins/countries/currency/278-_-_Escudo_de_Mozambique"
"Escudo de oro de los Estados italianos‎","https://colnect.com/es/coins/countries/currency/2642-Escudo_de_oro_de_los_Estados_italianos"
"Escudo de oro de los Estados Pontificios‎","https://colnect.com/es/coins/countries/currency/2620-Escudo_de_oro_de_los_Estados_Pontificios"
"Escudo de Ragusa‎","https://colnect.com/es/coins/countries/currency/2753-Escudo_de_Ragusa"
"Escudo de San Marino‎","https://colnect.com/es/coins/countries/currency/1456-Escudo_de_San_Marino"
"Escudo de Santo Tomé y Príncipe - $‎","https://colnect.com/es/coins/countries/currency/771-_-_Escudo_de_Santo_Tom%C3%A9_y_Pr%C3%ADncipe"
"Escudo del Timor Portugués - $‎","https://colnect.com/es/coins/countries/currency/769-_-_Escudo_del_Timor_Portugu%C3%A9s"
"Escudo Ecuatoriano‎","https://colnect.com/es/coins/countries/currency/2134-Escudo_Ecuatoriano"
"Escudo Español‎","https://colnect.com/es/coins/countries/currency/773-Escudo_Espa%C3%B1ol"
"Escudo guatemalteco‎","https://colnect.com/es/coins/countries/currency/2252-Escudo_guatemalteco"
"Escudo Mexicano‎","https://colnect.com/es/coins/countries/currency/1443-Escudo_Mexicano"
"Escudo Peruano‎","https://colnect.com/es/coins/countries/currency/1971-Escudo_Peruano"
"Escudo Portugués - $‎","https://colnect.com/es/coins/countries/currency/279-_-_Escudo_Portugu%C3%A9s"
"Escudo romano de los Estados Pontificios‎","https://colnect.com/es/coins/countries/currency/2621-Escudo_romano_de_los_Estados_Pontificios"
"Escudo, Suiza‎","https://colnect.com/es/coins/countries/currency/2509-Escudo_Suiza"
"Eshrefi Altin de Egipto‎","https://colnect.com/es/coins/list/currency/2122-Eshrefi_Altin_de_Egipto"
"Eshrefi altin turco‎","https://colnect.com/es/coins/countries/currency/2576-Eshrefi_altin_turco"
"Espada y cetro escocés‎","https://colnect.com/es/coins/countries/currency/2468-Espada_y_cetro_escoc%C3%A9s"
"Estados italianos lirazza‎","https://colnect.com/es/coins/countries/currency/2745-Estados_italianos_lirazza"
"Estados italianos osella‎","https://colnect.com/es/coins/countries/currency/2708-Estados_italianos_osella"
"Estados italianos paola‎","https://colnect.com/es/coins/countries/currency/2698-Estados_italianos_paola"
"Estados italianos pignatella‎","https://colnect.com/es/coins/countries/currency/2666-Estados_italianos_pignatella"
"Estados italianos quartino‎","https://colnect.com/es/coins/countries/currency/2649-Estados_italianos_quartino"
"Estados italianos schilling‎","https://colnect.com/es/coins/countries/currency/2676-Estados_italianos_schilling"
"Estados italianos soldino‎","https://colnect.com/es/coins/countries/currency/2644-Estados_italianos_soldino"
"Estados italianos solino‎","https://colnect.com/es/coins/countries/currency/2681-Estados_italianos_solino"
"Estados italianos trionfo‎","https://colnect.com/es/coins/countries/currency/2730-Estados_italianos_trionfo"
"Estados papales zecchino‎","https://colnect.com/es/coins/countries/currency/2617-Estados_papales_zecchino"
"Esterlina belga‎","https://colnect.com/es/coins/countries/currency/2875-Esterlina_belga"
"Esterlina neerlandesa‎","https://colnect.com/es/coins/countries/currency/2876-Esterlina_neerlandesa"
"Euro - €‎","https://colnect.com/es/coins/countries/currency/8-%E2%82%AC_-_Euro"
"Euro de Bulgaria‎","https://colnect.com/es/coins/countries/currency/2920-Euro_de_Bulgaria"
"Eyrir Islandés‎","https://colnect.com/es/coins/countries/currency/884-Eyrir_Island%C3%A9s"
"Fals siria‎","https://colnect.com/es/coins/countries/currency/3122-Fals_siria"
"Fals tunecino‎","https://colnect.com/es/coins/list/currency/2565-Fals_tunecino"
"Fals yemení‎","https://colnect.com/es/coins/countries/currency/2778-Fals_yemen%C3%AD"
"Fals, Marruecos‎","https://colnect.com/es/coins/list/currency/2465-Fals_Marruecos"
"Falus Afgano‎","https://colnect.com/es/coins/countries/currency/1420-Falus_Afgano"
"Falus Indio‎","https://colnect.com/es/coins/countries/currency/1756-Falus_Indio"
"Falus Irani‎","https://colnect.com/es/coins/countries/currency/2272-Falus_Irani"
"Falus Marroquí‎","https://colnect.com/es/coins/countries/currency/1446-Falus_Marroqu%C3%AD"
"Fanam de Ceilán‎","https://colnect.com/es/coins/countries/currency/2188-Fanam_de_Ceil%C3%A1n"
"Fanam India Holandesa‎","https://colnect.com/es/coins/countries/currency/2275-Fanam_India_Holandesa"
"Fanam indio‎","https://colnect.com/es/coins/countries/currency/1536-Fanam_indio"
"Fanam, Indias Orientales holandesas‎","https://colnect.com/es/coins/countries/currency/2437-Fanam_Indias_Orientales_holandesas"
"Fano de las Indias Danesas‎","https://colnect.com/es/coins/countries/currency/1859-Fano_de_las_Indias_Danesas"
"Fanon, India francesa‎","https://colnect.com/es/coins/countries/currency/2284-Fanon_India_francesa"
"Fantasía - FFF‎","https://colnect.com/es/coins/countries/currency/3-FFF_-_Fantas%C3%ADa"
"Farthing Británico‎","https://colnect.com/es/coins/countries/currency/1647-Farthing_Brit%C3%A1nico"
"Farthing del Caribe Oriental‎","https://colnect.com/es/coins/list/currency/2797-Farthing_del_Caribe_Oriental"
"Farthing Jamaicano‎","https://colnect.com/es/coins/countries/currency/1764-Farthing_Jamaicano"
"Farting irlandés‎","https://colnect.com/es/coins/countries/currency/2314-Farting_irland%C3%A9s"
"Federico de Oro Daneses‎","https://colnect.com/es/coins/countries/currency/2230-Federico_de_Oro_Daneses"
"Fels Argelino‎","https://colnect.com/es/coins/countries/currency/2109-Fels_Argelino"
"Felus Español‎","https://colnect.com/es/coins/countries/currency/2604-Felus_Espa%C3%B1ol"
"Fen Chino‎","https://colnect.com/es/coins/countries/currency/1318-Fen_Chino"
"Fen Manchukuo‎","https://colnect.com/es/coins/countries/currency/1275-Fen_Manchukuo"
"Fēn Renminbi Chino - 分‎","https://colnect.com/es/coins/countries/currency/1146-%E5%88%86_-_F%C4%93n_Renminbi_Chino"
"Fenig Polaco‎","https://colnect.com/es/coins/countries/currency/1923-Fenig_Polaco"
"Fening Convertible de Bosnia y Herzegovina‎","https://colnect.com/es/coins/countries/currency/964-Fening_Convertible_de_Bosnia_y_Herzegovina"
"Fénix Griego‎","https://colnect.com/es/coins/list/currency/1024-F%C3%A9nix_Griego"
"Ferding, Livonia‎","https://colnect.com/es/coins/countries/currency/2361-Ferding_Livonia"
"Filiberto de los Estados italianos‎","https://colnect.com/es/coins/countries/currency/2727-Filiberto_de_los_Estados_italianos"
"Filippo de los Estados italianos‎","https://colnect.com/es/coins/countries/currency/2702-Filippo_de_los_Estados_italianos"
"Fillér húngaro - fi‎","https://colnect.com/es/coins/countries/currency/275-fi_-_Fill%C3%A9r_h%C3%BAngaro"
"Fils Bahreiní‎","https://colnect.com/es/coins/countries/currency/668-Fils_Bahrein%C3%AD"
"Fils de Arabia del Sur‎","https://colnect.com/es/coins/countries/currency/3026-Fils_de_Arabia_del_Sur"
"Fils de Emiratos Árabes Unidos‎","https://colnect.com/es/coins/countries/currency/691-Fils_de_Emiratos_%C3%81rabes_Unidos"
"Fils de Yemen del Norte‎","https://colnect.com/es/coins/countries/currency/1149-Fils_de_Yemen_del_Norte"
"Fils Iraquí - ف.ع‎","https://colnect.com/es/coins/countries/currency/670-%D9%81%D8%B9_-_Fils_Iraqu%C3%AD"
"Fils Jordanos‎","https://colnect.com/es/coins/countries/currency/673-Fils_Jordanos"
"Fils Kuwaití‎","https://colnect.com/es/coins/countries/currency/676-Fils_Kuwait%C3%AD"
"Fils Suryemeni‎","https://colnect.com/es/coins/countries/currency/681-Fils_Suryemeni"
"Findik egipcio‎","https://colnect.com/es/coins/list/currency/2238-Findik_egipcio"
"Findik Turco‎","https://colnect.com/es/coins/list/currency/2213-Findik_Turco"
"Fiorino de los Estados Italianos‎","https://colnect.com/es/coins/countries/currency/1523-Fiorino_de_los_Estados_Italianos"
"Flabbe neerlandés‎","https://colnect.com/es/coins/countries/currency/2850-Flabbe_neerland%C3%A9s"
"Flitter alemán‎","https://colnect.com/es/coins/countries/currency/3042-Flitter_alem%C3%A1n"
"Florín Australiano‎","https://colnect.com/es/coins/countries/currency/1931-Flor%C3%ADn_Australiano"
"Florín austriaco‎","https://colnect.com/es/coins/countries/currency/2984-Flor%C3%ADn_austriaco"
"Florín austrohúngaro‎","https://colnect.com/es/coins/countries/currency/2822-Flor%C3%ADn_austroh%C3%BAngaro"
"Florín Austru-Húngaro - F‎","https://colnect.com/es/coins/countries/currency/1398-F_-_Flor%C3%ADn_Austru-H%C3%BAngaro"
"Florin Británico‎","https://colnect.com/es/coins/countries/currency/1927-Florin_Brit%C3%A1nico"
"Florín caribeño - Cg‎","https://colnect.com/es/coins/countries/currency/3084-Cg_-_Flor%C3%ADn_caribe%C3%B1o"
"Florín d´or, Lieja‎","https://colnect.com/es/coins/countries/currency/2373-Flor%C3%ADn_d%C2%B4or_Lieja"
"Florín de África del Este‎","https://colnect.com/es/coins/countries/currency/779-Flor%C3%ADn_de_%C3%81frica_del_Este"
"Florín de Aruba - ƒ‎","https://colnect.com/es/coins/countries/currency/80-%C6%92_-_Flor%C3%ADn_de_Aruba"
"Florín de Bohemia‎","https://colnect.com/es/coins/countries/currency/2899-Flor%C3%ADn_de_Bohemia"
"Florín de Essequebo & Demerary‎","https://colnect.com/es/coins/countries/currency/1865-Flor%C3%ADn_de_Essequebo_Demerary"
"Florin de los Paises Bajos austriacos‎","https://colnect.com/es/coins/countries/currency/2064-Florin_de_los_Paises_Bajos_austriacos"
"Florín de Malawi‎","https://colnect.com/es/coins/list/currency/1913-Flor%C3%ADn_de_Malawi"
"Florín de Nueva Zelanda‎","https://colnect.com/es/coins/countries/currency/1557-Flor%C3%ADn_de_Nueva_Zelanda"
"Florín de oro austrohúngaro‎","https://colnect.com/es/coins/countries/currency/2821-Flor%C3%ADn_de_oro_austroh%C3%BAngaro"
"Florín de oro belga‎","https://colnect.com/es/coins/list/currency/2880-Flor%C3%ADn_de_oro_belga"
"Florín de oro francés‎","https://colnect.com/es/coins/countries/currency/3030-Flor%C3%ADn_de_oro_franc%C3%A9s"
"Florín de oro neerlandés‎","https://colnect.com/es/coins/countries/currency/2856-Flor%C3%ADn_de_oro_neerland%C3%A9s"
"Florín de Oro Neerlandés‎","https://colnect.com/es/coins/countries/currency/2816-Flor%C3%ADn_de_Oro_Neerland%C3%A9s"
"Florín de Transilvania‎","https://colnect.com/es/coins/countries/currency/2561-Flor%C3%ADn_de_Transilvania"
"Florín del Principado de Moldavia‎","https://colnect.com/es/coins/list/currency/1705-Flor%C3%ADn_del_Principado_de_Moldavia"
"Florín Español‎","https://colnect.com/es/coins/countries/currency/2949-Flor%C3%ADn_Espa%C3%B1ol"
"Florín fiyiano‎","https://colnect.com/es/coins/countries/currency/1903-Flor%C3%ADn_fiyiano"
"Florín Holandés - ƒ‎","https://colnect.com/es/coins/countries/currency/1363-%C6%92_-_Flor%C3%ADn_Holand%C3%A9s"
"Florín holandés‎","https://colnect.com/es/coins/countries/currency/2820-Flor%C3%ADn_holand%C3%A9s"
"Florín húngaro - Ft‎","https://colnect.com/es/coins/countries/currency/6-Ft_-_Flor%C3%ADn_h%C3%BAngaro"
"Florín Irlandés‎","https://colnect.com/es/coins/countries/currency/1979-Flor%C3%ADn_Irland%C3%A9s"
"Florín Sudafricano‎","https://colnect.com/es/coins/list/currency/1925-Flor%C3%ADn_Sudafricano"
"Florín suizo‎","https://colnect.com/es/coins/countries/currency/2516-Flor%C3%ADn_suizo"
"Florín, Países Bajos españoles‎","https://colnect.com/es/coins/countries/currency/2502-Flor%C3%ADn_Pa%C3%ADses_Bajos_espa%C3%B1oles"
"Follaro de los Estados italianos‎","https://colnect.com/es/coins/countries/currency/2749-Follaro_de_los_Estados_italianos"
"Follis del Imperio Bizantino‎","https://colnect.com/es/coins/countries/currency/1562-Follis_del_Imperio_Bizantino"
"Follis del Imperio Romano‎","https://colnect.com/es/coins/countries/currency/1552-Follis_del_Imperio_Romano"
"Forte de los Estados italianos‎","https://colnect.com/es/coins/countries/currency/2651-Forte_de_los_Estados_italianos"
"Francescone de los Estados italianos‎","https://colnect.com/es/coins/countries/currency/2733-Francescone_de_los_Estados_italianos"
"Franco África Ecuatorial Francesa - F‎","https://colnect.com/es/coins/countries/currency/792-F_-_Franco_%C3%81frica_Ecuatorial_Francesa"
"Franco África Occidental CFA - CFA‎","https://colnect.com/es/coins/countries/currency/88-CFA_-_Franco_%C3%81frica_Occidental_CFA"
"Franco África Occidental Francesa - F‎","https://colnect.com/es/coins/countries/currency/795-F_-_Franco_%C3%81frica_Occidental_Francesa"
"Franco Argelino - F‎","https://colnect.com/es/coins/countries/currency/781-F_-_Franco_Argelino"
"Franco Belga - fr‎","https://colnect.com/es/coins/countries/currency/13-fr_-_Franco_Belga"
"Franco Camboyano‎","https://colnect.com/es/coins/countries/currency/784-Franco_Camboyano"
"Franco cataro, Montenegro‎","https://colnect.com/es/coins/countries/currency/2406-Franco_cataro_Montenegro"
"Franco CFP - F‎","https://colnect.com/es/coins/countries/currency/122-F_-_Franco_CFP"
"Franco Comorano - CF‎","https://colnect.com/es/coins/countries/currency/107-CF_-_Franco_Comorano"
"Franco Congoleño - FC‎","https://colnect.com/es/coins/countries/currency/108-FC_-_Franco_Congole%C3%B1o"
"Franco de África Central - FCFA‎","https://colnect.com/es/coins/countries/currency/100-FCFA_-_Franco_de_%C3%81frica_Central"
"Franco de Burundi - FBu‎","https://colnect.com/es/coins/countries/currency/98-FBu_-_Franco_de_Burundi"
"Franco de Camerún‎","https://colnect.com/es/coins/countries/currency/2039-Franco_de_Camer%C3%BAn"
"Franco de Camerún Francés‎","https://colnect.com/es/coins/countries/currency/791-Franco_de_Camer%C3%BAn_Franc%C3%A9s"
"Franco de Guadalupe‎","https://colnect.com/es/coins/list/currency/797-Franco_de_Guadalupe"
"Franco de Guinea - GFr‎","https://colnect.com/es/coins/countries/currency/127-GFr_-_Franco_de_Guinea"
"Franco de Guinea Ecuatorial‎","https://colnect.com/es/coins/countries/currency/1949-Franco_de_Guinea_Ecuatorial"
"Franco de Katanga - F‎","https://colnect.com/es/coins/countries/currency/799-F_-_Franco_de_Katanga"
"Franco de Liechtenstein‎","https://colnect.com/es/coins/countries/currency/831-Franco_de_Liechtenstein"
"Franco de los Estados Italianos‎","https://colnect.com/es/coins/countries/currency/1529-Franco_de_los_Estados_Italianos"
"Franco de los Estados Pontificios‎","https://colnect.com/es/coins/countries/currency/2629-Franco_de_los_Estados_Pontificios"
"Franco de Luxemburgo - fr.‎","https://colnect.com/es/coins/countries/currency/801-fr_-_Franco_de_Luxemburgo"
"Franco de Madagascar - Fmg‎","https://colnect.com/es/coins/countries/currency/803-Fmg_-_Franco_de_Madagascar"
"Franco de Malí - MAF‎","https://colnect.com/es/coins/countries/currency/804-MAF_-_Franco_de_Mal%C3%AD"
"Franco de Martinica‎","https://colnect.com/es/coins/list/currency/806-Franco_de_Martinica"
"Franco de Reunión‎","https://colnect.com/es/coins/countries/currency/812-Franco_de_Reuni%C3%B3n"
"Franco de Ruanda - RF‎","https://colnect.com/es/coins/countries/currency/181-RF_-_Franco_de_Ruanda"
"Franco de Ruanda y Burundi‎","https://colnect.com/es/coins/countries/currency/813-Franco_de_Ruanda_y_Burundi"
"Franco de Rwanda y Urundi‎","https://colnect.com/es/coins/countries/currency/1718-Franco_de_Rwanda_y_Urundi"
"Franco de San Pedro y Miquelón‎","https://colnect.com/es/coins/countries/currency/1372-Franco_de_San_Pedro_y_Miquel%C3%B3n"
"Franco de Sarre‎","https://colnect.com/es/coins/countries/currency/816-Franco_de_Sarre"
"Franco de Somalia Francesa - F‎","https://colnect.com/es/coins/countries/currency/2481-F_-_Franco_de_Somalia_Francesa"
"Franco de Yibuti - Fdj‎","https://colnect.com/es/coins/countries/currency/113-Fdj_-_Franco_de_Yibuti"
"Franco Dominicano‎","https://colnect.com/es/coins/countries/currency/820-Franco_Dominicano"
"Franco Francés - F‎","https://colnect.com/es/coins/countries/currency/215-F_-_Franco_Franc%C3%A9s"
"Franco Marroquí - F‎","https://colnect.com/es/coins/countries/currency/809-F_-_Franco_Marroqu%C3%AD"
"Franco Monegasco - F‎","https://colnect.com/es/coins/countries/currency/807-F_-_Franco_Monegasco"
"Franco Polinesia francesa‎","https://colnect.com/es/coins/countries/currency/1954-Franco_Polinesia_francesa"
"Franco suizo‎","https://colnect.com/es/coins/countries/currency/2524-Franco_suizo"
"Franco suizo‎","https://colnect.com/es/coins/countries/currency/2533-Franco_suizo"
"Franco Suizo - Fr.‎","https://colnect.com/es/coins/countries/currency/5-Fr_-_Franco_Suizo"
"Franco Tunecino - F‎","https://colnect.com/es/coins/countries/currency/1294-F_-_Franco_Tunecino"
"Francos Ecuatorianos‎","https://colnect.com/es/coins/list/currency/2133-Francos_Ecuatorianos"
"Franga Albanés‎","https://colnect.com/es/coins/countries/currency/251-Franga_Alban%C3%A9s"
"Frederick d'or, Alemania‎","https://colnect.com/es/coins/list/currency/2419-Frederick_dor_Alemania"
"Fuang Camboyano‎","https://colnect.com/es/coins/countries/currency/2180-Fuang_Camboyano"
"Fuang Tailandés‎","https://colnect.com/es/coins/countries/currency/1510-Fuang_Tailand%C3%A9s"
"Fulus Iraní‎","https://colnect.com/es/coins/countries/currency/1840-Fulus_Iran%C3%AD"
"Fun Coreano - 分‎","https://colnect.com/es/coins/countries/currency/1425-%E5%88%86_-_Fun_Coreano"
"Fyrk, Suecia‎","https://colnect.com/es/coins/countries/currency/2346-Fyrk_Suecia"
"Gambia Dalasi - D‎","https://colnect.com/es/coins/countries/currency/123-D_-_Gambia_Dalasi"
"Gani indio‎","https://colnect.com/es/coins/countries/currency/451-Gani_indio"
"Garas Húngaro‎","https://colnect.com/es/coins/countries/currency/2158-Garas_H%C3%BAngaro"
"Gascón francés‎","https://colnect.com/es/coins/countries/currency/3027-Gasc%C3%B3n_franc%C3%A9s"
"Gaucho Uruguayo‎","https://colnect.com/es/coins/countries/currency/1472-Gaucho_Uruguayo"
"Gazeta Jónica‎","https://colnect.com/es/coins/countries/currency/843-Gazeta_J%C3%B3nica"
"Gazzette de los Estados italianos‎","https://colnect.com/es/coins/countries/currency/2744-Gazzette_de_los_Estados_italianos"
"Genevoise suizo‎","https://colnect.com/es/coins/list/currency/2514-Genevoise_suizo"
"Ghirsh Saudí‎","https://colnect.com/es/coins/countries/currency/1457-Ghirsh_Saud%C3%AD"
"Ghirsh Sudanes‎","https://colnect.com/es/coins/countries/currency/2072-Ghirsh_Sudanes"
"Gianuino de los Estados italianos‎","https://colnect.com/es/coins/list/currency/2677-Gianuino_de_los_Estados_italianos"
"Gigliato de los Estados Italianos‎","https://colnect.com/es/coins/countries/currency/1734-Gigliato_de_los_Estados_Italianos"
"Gigot neerlandés‎","https://colnect.com/es/coins/countries/currency/2828-Gigot_neerland%C3%A9s"
"Gigot, Países Bajos españoles‎","https://colnect.com/es/coins/countries/currency/2499-Gigot_Pa%C3%ADses_Bajos_espa%C3%B1oles"
"Giorgino de los Estados italianos‎","https://colnect.com/es/coins/countries/currency/2662-Giorgino_de_los_Estados_italianos"
"Giulio de los Estados italianos‎","https://colnect.com/es/coins/countries/currency/2646-Giulio_de_los_Estados_italianos"
"Giulio de los Estados Pontificios‎","https://colnect.com/es/coins/countries/currency/1477-Giulio_de_los_Estados_Pontificios"
"Giustino de los Estados italianos‎","https://colnect.com/es/coins/list/currency/2678-Giustino_de_los_Estados_italianos"
"Golde de Sierra Leona‎","https://colnect.com/es/coins/countries/currency/2141-Golde_de_Sierra_Leona"
"Goldgulden alemán‎","https://colnect.com/es/coins/countries/currency/3013-Goldgulden_alem%C3%A1n"
"Goldgulden de los Países Bajos españoles‎","https://colnect.com/es/coins/countries/currency/1745-Goldgulden_de_los_Pa%C3%ADses_Bajos_espa%C3%B1oles"
"Goldgunden de Bohemia‎","https://colnect.com/es/coins/countries/currency/2898-Goldgunden_de_Bohemia"
"Gourde Haitiano - G‎","https://colnect.com/es/coins/countries/currency/129-G_-_Gourde_Haitiano"
"Gramo Afgano‎","https://colnect.com/es/coins/countries/currency/1729-Gramo_Afgano"
"Gramo boliviano‎","https://colnect.com/es/coins/countries/currency/2911-Gramo_boliviano"
"Gramo gibraltareño‎","https://colnect.com/es/coins/list/currency/2695-Gramo_gibraltare%C3%B1o"
"Gramo vietnamita‎","https://colnect.com/es/coins/countries/currency/2762-Gramo_vietnamita"
"Gramo, Méjico‎","https://colnect.com/es/coins/countries/currency/2398-Gramo_M%C3%A9jico"
"Gramo, Singapur‎","https://colnect.com/es/coins/countries/currency/2477-Gramo_Singapur"
"Gran blanca francesa‎","https://colnect.com/es/coins/countries/currency/3033-Gran_blanca_francesa"
"Gran roseta belga‎","https://colnect.com/es/coins/list/currency/2881-Gran_roseta_belga"
"Grana de los Estados Italianos‎","https://colnect.com/es/coins/countries/currency/2618-Grana_de_los_Estados_Italianos"
"Grano de los Estados Italianos‎","https://colnect.com/es/coins/countries/currency/1433-Grano_de_los_Estados_Italianos"
"Grano Maltés (SMOM)‎","https://colnect.com/es/coins/countries/currency/1485-Grano_Malt%C3%A9s_SMOM"
"Greschl de Transilvania‎","https://colnect.com/es/coins/list/currency/2556-Greschl_de_Transilvania"
"Groat belga‎","https://colnect.com/es/coins/countries/currency/2867-Groat_belga"
"Groat irlandés‎","https://colnect.com/es/coins/countries/currency/2312-Groat_irland%C3%A9s"
"Groat Lituano‎","https://colnect.com/es/coins/countries/currency/1528-Groat_Lituano"
"Groot neerlandés‎","https://colnect.com/es/coins/countries/currency/2829-Groot_neerland%C3%A9s"
"Gros monegasco‎","https://colnect.com/es/coins/countries/currency/2404-Gros_monegasco"
"Gros Tournois Francés‎","https://colnect.com/es/coins/countries/currency/2945-Gros_Tournois_Franc%C3%A9s"
"Gros, Livonia‎","https://colnect.com/es/coins/countries/currency/2364-Gros_Livonia"
"Groschel alemán‎","https://colnect.com/es/coins/countries/currency/2809-Groschel_alem%C3%A1n"
"Groschen Alemán‎","https://colnect.com/es/coins/countries/currency/1605-Groschen_Alem%C3%A1n"
"Groschen Austriaco‎","https://colnect.com/es/coins/countries/currency/1198-Groschen_Austriaco"
"Groschen Bohemio‎","https://colnect.com/es/coins/countries/currency/1645-Groschen_Bohemio"
"Groschen bueno alemán‎","https://colnect.com/es/coins/countries/currency/2938-Groschen_bueno_alem%C3%A1n"
"Groschen de Transilvania‎","https://colnect.com/es/coins/countries/currency/1713-Groschen_de_Transilvania"
"Groschen nuevo alemán‎","https://colnect.com/es/coins/countries/currency/2935-Groschen_nuevo_alem%C3%A1n"
"Groschen Polaco - gr‎","https://colnect.com/es/coins/countries/currency/1947-gr_-_Groschen_Polaco"
"Groschen suizo‎","https://colnect.com/es/coins/countries/currency/2530-Groschen_suizo"
"Groschen, Livonia‎","https://colnect.com/es/coins/countries/currency/2363-Groschen_Livonia"
"Groscher alemán‎","https://colnect.com/es/coins/countries/currency/2720-Groscher_alem%C3%A1n"
"Gröschl de Bohemia‎","https://colnect.com/es/coins/countries/currency/1669-Gr%C3%B6schl_de_Bohemia"
"Grosetto de los Estados Pontificios‎","https://colnect.com/es/coins/countries/currency/2626-Grosetto_de_los_Estados_Pontificios"
"Grosetto de Ragusa‎","https://colnect.com/es/coins/countries/currency/2754-Grosetto_de_Ragusa"
"Grosetto Estados Italianos‎","https://colnect.com/es/coins/countries/currency/2019-Grosetto_Estados_Italianos"
"Grosh búlgaro‎","https://colnect.com/es/coins/countries/currency/3087-Grosh_b%C3%BAlgaro"
"Grosso de los Estados Pontificios‎","https://colnect.com/es/coins/countries/currency/1475-Grosso_de_los_Estados_Pontificios"
"Grossone de los Estados italianos‎","https://colnect.com/es/coins/list/currency/2674-Grossone_de_los_Estados_italianos"
"Grossus de Curlandiae‎","https://colnect.com/es/coins/countries/currency/2768-Grossus_de_Curlandiae"
"Grossus Polaco‎","https://colnect.com/es/coins/countries/currency/1492-Grossus_Polaco"
"Grosz de Danzig‎","https://colnect.com/es/coins/list/currency/1673-Grosz_de_Danzig"
"Grosz del Principado de Moldavia‎","https://colnect.com/es/coins/countries/currency/1695-Grosz_del_Principado_de_Moldavia"
"Grosz Lituano‎","https://colnect.com/es/coins/countries/currency/2102-Grosz_Lituano"
"Grosz Polaco - gr‎","https://colnect.com/es/coins/countries/currency/1280-gr_-_Grosz_Polaco"
"Grosza polaco‎","https://colnect.com/es/coins/countries/currency/2770-Grosza_polaco"
"Grote Aleman‎","https://colnect.com/es/coins/countries/currency/1569-Grote_Aleman"
"Groten alemán‎","https://colnect.com/es/coins/countries/currency/2814-Groten_alem%C3%A1n"
"Guaraní paraguayo - Gs‎","https://colnect.com/es/coins/countries/currency/63-Gs_-_Guaran%C3%AD_paraguayo"
"Guerche Etíope‎","https://colnect.com/es/coins/countries/currency/1806-Guerche_Et%C3%ADope"
"Guilder Danés‎","https://colnect.com/es/coins/countries/currency/2222-Guilder_Dan%C3%A9s"
"Guilder de la Guayana Británica‎","https://colnect.com/es/coins/countries/currency/849-Guilder_de_la_Guayana_Brit%C3%A1nica"
"Guilder de las Antillas Holandesas - NAƒ‎","https://colnect.com/es/coins/countries/currency/857-NA%C6%92_-_Guilder_de_las_Antillas_Holandesas"
"Guilder Surinamés - ƒ‎","https://colnect.com/es/coins/countries/currency/862-%C6%92_-_Guilder_Surinam%C3%A9s"
"Guinea Británica - g‎","https://colnect.com/es/coins/countries/currency/1690-g_-_Guinea_Brit%C3%A1nica"
"Guinea Escocesa - g‎","https://colnect.com/es/coins/countries/currency/1375-g_-_Guinea_Escocesa"
"Guinea, Gibraltar - g‎","https://colnect.com/es/coins/countries/currency/2441-g_-_Guinea_Gibraltar"
"Guinea, Tristán de Acuña - g‎","https://colnect.com/es/coins/countries/currency/2449-g_-_Guinea_Trist%C3%A1n_de_Acu%C3%B1a"
"Gulden Alemán‎","https://colnect.com/es/coins/countries/currency/1604-Gulden_Alem%C3%A1n"
"Gulden Austro-Húngaro - fl.‎","https://colnect.com/es/coins/countries/currency/777-fl_-_Gulden_Austro-H%C3%BAngaro"
"Gulden de Bohemia‎","https://colnect.com/es/coins/countries/currency/2900-Gulden_de_Bohemia"
"Gulden de Danzig‎","https://colnect.com/es/coins/countries/currency/852-Gulden_de_Danzig"
"Gulden de las Indias Holandesas‎","https://colnect.com/es/coins/countries/currency/858-Gulden_de_las_Indias_Holandesas"
"Gulden de oro húngaro‎","https://colnect.com/es/coins/countries/currency/3065-Gulden_de_oro_h%C3%BAngaro"
"Gulden de oro, Livonia‎","https://colnect.com/es/coins/countries/currency/2362-Gulden_de_oro_Livonia"
"Gulden de oro, Suiza‎","https://colnect.com/es/coins/countries/currency/2323-Gulden_de_oro_Suiza"
"Gulden holandés‎","https://colnect.com/es/coins/countries/currency/2843-Gulden_holand%C3%A9s"
"Gulden polaco‎","https://colnect.com/es/coins/countries/currency/2771-Gulden_polaco"
"Gulden suizo‎","https://colnect.com/es/coins/countries/currency/2527-Gulden_suizo"
"Gulden, Indias Orientales holandesas‎","https://colnect.com/es/coins/countries/currency/2436-Gulden_Indias_Orientales_holandesas"
"Gulden, Lituania‎","https://colnect.com/es/coins/list/currency/2357-Gulden_Lituania"
"Gulden, Suriname‎","https://colnect.com/es/coins/countries/currency/2506-Gulden_Suriname"
"Guldengroschen alemán‎","https://colnect.com/es/coins/countries/currency/3100-Guldengroschen_alem%C3%A1n"
"Guldiner de Bohemia‎","https://colnect.com/es/coins/list/currency/2897-Guldiner_de_Bohemia"
"Habibi afgano‎","https://colnect.com/es/coins/countries/currency/2130-Habibi_afgano"
"Halala Saudí‎","https://colnect.com/es/coins/countries/currency/1164-Halala_Saud%C3%AD"
"Halala Yemeni‎","https://colnect.com/es/coins/list/currency/2200-Halala_Yemeni"
"Haléř de Bohemia y Moravia - h‎","https://colnect.com/es/coins/countries/currency/877-h_-_Hal%C3%A9%C5%99_de_Bohemia_y_Moravia"
"Haler Eslovaco - h‎","https://colnect.com/es/coins/countries/currency/881-h_-_Haler_Eslovaco"
"Haléř República Checa - h‎","https://colnect.com/es/coins/countries/currency/878-h_-_Hal%C3%A9%C5%99_Rep%C3%BAblica_Checa"
"Halerz Polaco‎","https://colnect.com/es/coins/countries/currency/1837-Halerz_Polaco"
"Halíř Checoslovaco - h‎","https://colnect.com/es/coins/countries/currency/880-h_-_Hal%C3%AD%C5%99_Checoslovaco"
"Haller Suizo‎","https://colnect.com/es/coins/countries/currency/2143-Haller_Suizo"
"Handús hispano‎","https://colnect.com/es/coins/list/currency/2766-Hand%C3%BAs_hispano"
"Hào de Vietnam del Norte‎","https://colnect.com/es/coins/countries/currency/753-H%C3%A0o_de_Vietnam_del_Norte"
"Hao Vietnamita‎","https://colnect.com/es/coins/countries/currency/1300-Hao_Vietnamita"
"Hardi francés‎","https://colnect.com/es/coins/countries/currency/3045-Hardi_franc%C3%A9s"
"Harf Yemeni‎","https://colnect.com/es/coins/countries/currency/2205-Harf_Yemeni"
"Hauan tongano‎","https://colnect.com/es/coins/countries/currency/2552-Hauan_tongano"
"Hayriye AltinTurco‎","https://colnect.com/es/coins/countries/currency/1554-Hayriye_AltinTurco"
"Heaume de oro francés‎","https://colnect.com/es/coins/countries/currency/3010-Heaume_de_oro_franc%C3%A9s"
"Heller Alemán‎","https://colnect.com/es/coins/countries/currency/1598-Heller_Alem%C3%A1n"
"Heller Austro-Húngaro‎","https://colnect.com/es/coins/countries/currency/886-Heller_Austro-H%C3%BAngaro"
"Heller de Bohemia‎","https://colnect.com/es/coins/countries/currency/2905-Heller_de_Bohemia"
"Heller del Africa del Este Alemana‎","https://colnect.com/es/coins/countries/currency/1196-Heller_del_Africa_del_Este_Alemana"
"Heller neerlandés‎","https://colnect.com/es/coins/countries/currency/2831-Heller_neerland%C3%A9s"
"Hemidracma de la antigua Grecia‎","https://colnect.com/es/coins/list/currency/3111-Hemidracma_de_la_antigua_Grecia"
"Hemidracma egipcio‎","https://colnect.com/es/coins/countries/currency/2080-Hemidracma_egipcio"
"Hemidráculo del Imperio seléucida‎","https://colnect.com/es/coins/list/currency/3124-Hemidr%C3%A1culo_del_Imperio_sel%C3%A9ucida"
"Hemiobol de la Grecia Antigua‎","https://colnect.com/es/coins/countries/currency/2096-Hemiobol_de_la_Grecia_Antigua"
"Hemióbolo egipcio‎","https://colnect.com/es/coins/countries/currency/2081-Hemi%C3%B3bolo_egipcio"
"Histamenon del Imperio Bizantino‎","https://colnect.com/es/coins/countries/currency/1995-Histamenon_del_Imperio_Bizantino"
"Hryvnia Ucraniana - ₴‎","https://colnect.com/es/coins/countries/currency/36-%E2%82%B4_-_Hryvnia_Ucraniana"
"Hua chino‎","https://colnect.com/es/coins/list/currency/3053-Hua_chino"
"Huo bu chino‎","https://colnect.com/es/coins/list/currency/2930-Huo_bu_chino"
"Hvid danés‎","https://colnect.com/es/coins/countries/currency/2216-Hvid_dan%C3%A9s"
"Hwan Surcoreano‎","https://colnect.com/es/coins/countries/currency/865-Hwan_Surcoreano"
"Hyperpyron del Imperio Bizantino‎","https://colnect.com/es/coins/list/currency/1996-Hyperpyron_del_Imperio_Bizantino"
"Imadi riyal Yemení‎","https://colnect.com/es/coins/countries/currency/2197-Imadi_riyal_Yemen%C3%AD"
"Inti Peruano‎","https://colnect.com/es/coins/countries/currency/286-Inti_Peruano"
"Iranian fals‎","https://colnect.com/es/coins/list/currency/3125-Iranian_fals"
"Italiano de los Estados Italianos‎","https://colnect.com/es/coins/countries/currency/1435-Italiano_de_los_Estados_Italianos"
"Jager neerlandés‎","https://colnect.com/es/coins/countries/currency/2841-Jager_neerland%C3%A9s"
"Jangle belga‎","https://colnect.com/es/coins/countries/currency/2869-Jangle_belga"
"Jawa, Nepal‎","https://colnect.com/es/coins/countries/currency/2421-Jawa_Nepal"
"Jedid Egipcio‎","https://colnect.com/es/coins/countries/currency/2105-Jedid_Egipcio"
"Jiao Chino‎","https://colnect.com/es/coins/countries/currency/1319-Jiao_Chino"
"Jiǎo Renminbi Chino - jiǎo 角‎","https://colnect.com/es/coins/countries/currency/1145-ji%C7%8Eo_%E8%A7%92_-_Ji%C7%8Eo_Renminbi_Chino"
"Jin chino‎","https://colnect.com/es/coins/countries/currency/3054-Jin_chino"
"Jinete de oro neerlandés‎","https://colnect.com/es/coins/countries/currency/2818-Jinete_de_oro_neerland%C3%A9s"
"Jinete Escoces‎","https://colnect.com/es/coins/countries/currency/1388-Jinete_Escoces"
"Jital indio‎","https://colnect.com/es/coins/countries/currency/1500-Jital_indio"
"Jokoh malayo‎","https://colnect.com/es/coins/list/currency/2389-Jokoh_malayo"
"Jules de los Estados Pontificios‎","https://colnect.com/es/coins/list/currency/2632-Jules_de_los_Estados_Pontificios"
"Kabir Yemeni‎","https://colnect.com/es/coins/countries/currency/2204-Kabir_Yemeni"
"Kakini indio‎","https://colnect.com/es/coins/countries/currency/1504-Kakini_indio"
"Kapeyka Bielorruso‎","https://colnect.com/es/coins/countries/currency/260-Kapeyka_Bielorruso"
"Karbovanets Ucraniano‎","https://colnect.com/es/coins/countries/currency/869-Karbovanets_Ucraniano"
"Kardez Armenio‎","https://colnect.com/es/coins/countries/currency/1537-Kardez_Armenio"
"Kaserah Indio‎","https://colnect.com/es/coins/list/currency/1757-Kaserah_Indio"
"Katun malayo‎","https://colnect.com/es/coins/countries/currency/2388-Katun_malayo"
"Kazbeg turco‎","https://colnect.com/es/coins/list/currency/2596-Kazbeg_turco"
"Kepejek Tuvan‎","https://colnect.com/es/coins/countries/currency/640-Kepejek_Tuvan"
"Keping de Sarawak‎","https://colnect.com/es/coins/list/currency/2713-Keping_de_Sarawak"
"Keping Kelantan‎","https://colnect.com/es/coins/list/currency/871-Keping_Kelantan"
"Keping Malayo‎","https://colnect.com/es/coins/countries/currency/1639-Keping_Malayo"
"Keping, Indias Orientales holandesas‎","https://colnect.com/es/coins/countries/currency/2425-Keping_Indias_Orientales_holandesas"
"Kharub Argelino‎","https://colnect.com/es/coins/countries/currency/2049-Kharub_Argelino"
"Kharub Tunecino‎","https://colnect.com/es/coins/countries/currency/1516-Kharub_Tunecino"
"Khums kabir yemení‎","https://colnect.com/es/coins/countries/currency/2779-Khums_kabir_yemen%C3%AD"
"Khumsi Yemení‎","https://colnect.com/es/coins/countries/currency/1727-Khumsi_Yemen%C3%AD"
"Kilo, Méjico‎","https://colnect.com/es/coins/countries/currency/2399-Kilo_M%C3%A9jico"
"Kina de Papua Nueva Guinea - K‎","https://colnect.com/es/coins/countries/currency/177-K_-_Kina_de_Papua_Nueva_Guinea"
"Kip de Laos - ₭‎","https://colnect.com/es/coins/countries/currency/144-%E2%82%AD_-_Kip_de_Laos"
"Kobo Nigeriano - k‎","https://colnect.com/es/coins/countries/currency/972-k_-_Kobo_Nigeriano"
"Kopecks de Transnistria‎","https://colnect.com/es/coins/countries/currency/1171-Kopecks_de_Transnistria"
"Kopek de Moldava y Valaquia‎","https://colnect.com/es/coins/countries/currency/1616-Kopek_de_Moldava_y_Valaquia"
"Kopek Ruso‎","https://colnect.com/es/coins/countries/currency/1167-Kopek_Ruso"
"Kopek soviético‎","https://colnect.com/es/coins/countries/currency/2735-Kopek_sovi%C3%A9tico"
"Kopfstück alemán‎","https://colnect.com/es/coins/list/currency/2996-Kopfst%C3%BCck_alem%C3%A1n"
"Kopiyka Ucraniana‎","https://colnect.com/es/coins/countries/currency/870-Kopiyka_Ucraniana"
"Kori Indio‎","https://colnect.com/es/coins/countries/currency/875-Kori_Indio"
"Korte neerlandés‎","https://colnect.com/es/coins/countries/currency/2851-Korte_neerland%C3%A9s"
"Koruna de Bohemia y Moravia - K‎","https://colnect.com/es/coins/list/currency/876-K_-_Koruna_de_Bohemia_y_Moravia"
"Koula de Tonga‎","https://colnect.com/es/coins/countries/currency/1565-Koula_de_Tonga"
"Krajcar austrohúngaro‎","https://colnect.com/es/coins/countries/currency/2895-Krajcar_austroh%C3%BAngaro"
"Krajczar Húngaro‎","https://colnect.com/es/coins/countries/currency/1650-Krajczar_H%C3%BAngaro"
"Kran Iraní - Kr.‎","https://colnect.com/es/coins/countries/currency/1347-Kr_-_Kran_Iran%C3%AD"
"Kreutzer alemán‎","https://colnect.com/es/coins/countries/currency/3081-Kreutzer_alem%C3%A1n"
"Kreuzer Alemán‎","https://colnect.com/es/coins/countries/currency/1659-Kreuzer_Alem%C3%A1n"
"Kreuzer Austro-Húngaro‎","https://colnect.com/es/coins/countries/currency/778-Kreuzer_Austro-H%C3%BAngaro"
"Kreuzer de Bohemia‎","https://colnect.com/es/coins/countries/currency/2089-Kreuzer_de_Bohemia"
"Kreuzer de Liechtenstein‎","https://colnect.com/es/coins/list/currency/2118-Kreuzer_de_Liechtenstein"
"Kreuzer de los Estados italianos‎","https://colnect.com/es/coins/countries/currency/2663-Kreuzer_de_los_Estados_italianos"
"Kreuzer de los Países Bajos austríacos‎","https://colnect.com/es/coins/list/currency/2892-Kreuzer_de_los_Pa%C3%ADses_Bajos_austr%C3%ADacos"
"Kreuzer de Transilvania‎","https://colnect.com/es/coins/countries/currency/1643-Kreuzer_de_Transilvania"
"Kreuzer neerlandés‎","https://colnect.com/es/coins/countries/currency/2830-Kreuzer_neerland%C3%A9s"
"Kreuzer polaco‎","https://colnect.com/es/coins/countries/currency/2773-Kreuzer_polaco"
"Kreuzer Suizo‎","https://colnect.com/es/coins/countries/currency/1681-Kreuzer_Suizo"
"Kromstaart belga‎","https://colnect.com/es/coins/list/currency/2870-Kromstaart_belga"
"Krone Austriaco‎","https://colnect.com/es/coins/countries/currency/2041-Krone_Austriaco"
"Krone de Groenlandia‎","https://colnect.com/es/coins/countries/currency/882-Krone_de_Groenlandia"
"Krone de Liechtenstein‎","https://colnect.com/es/coins/countries/currency/888-Krone_de_Liechtenstein"
"Kronenthaler de los Países Bajos Austríacos‎","https://colnect.com/es/coins/countries/currency/891-Kronenthaler_de_los_Pa%C3%ADses_Bajos_Austr%C3%ADacos"
"Krugerrand Sudafricano‎","https://colnect.com/es/coins/countries/currency/1465-Krugerrand_Sudafricano"
"Kuna Croata - kn‎","https://colnect.com/es/coins/countries/currency/20-kn_-_Kuna_Croata"
"Kupang Malayo‎","https://colnect.com/es/coins/countries/currency/1637-Kupang_Malayo"
"Kupang tailandés‎","https://colnect.com/es/coins/countries/currency/2547-Kupang_tailand%C3%A9s"
"Kuruş Turco‎","https://colnect.com/es/coins/countries/currency/927-Kuru%C5%9F_Turco"
"Kwacha de Malawi - MK‎","https://colnect.com/es/coins/countries/currency/155-MK_-_Kwacha_de_Malawi"
"Kwacha de Zambia - ZK‎","https://colnect.com/es/coins/countries/currency/208-ZK_-_Kwacha_de_Zambia"
"Kwanza Angoleño - Kz‎","https://colnect.com/es/coins/countries/currency/77-Kz_-_Kwanza_Angole%C3%B1o"
"Kyat de Myanmar - K‎","https://colnect.com/es/coins/countries/currency/898-K_-_Kyat_de_Myanmar"
"Laari Malasio - L‎","https://colnect.com/es/coins/countries/currency/1173-L_-_Laari_Malasio"
"Labaye neerlandés‎","https://colnect.com/es/coins/list/currency/2877-Labaye_neerland%C3%A9s"
"Lam neerlandés‎","https://colnect.com/es/coins/list/currency/2855-Lam_neerland%C3%A9s"
"Lang vietnamita‎","https://colnect.com/es/coins/countries/currency/2761-Lang_vietnamita"
"Lari Georgiano - ლ‎","https://colnect.com/es/coins/countries/currency/67-%E1%83%9A_-_Lari_Georgiano"
"Lari, Indias Orientales holandesas‎","https://colnect.com/es/coins/countries/currency/2432-Lari_Indias_Orientales_holandesas"
"Larin de Maldivas‎","https://colnect.com/es/coins/countries/currency/1958-Larin_de_Maldivas"
"Larin iraquí‎","https://colnect.com/es/coins/list/currency/2303-Larin_iraqu%C3%AD"
"Lats Letón - Ls‎","https://colnect.com/es/coins/countries/currency/11-Ls_-_Lats_Let%C3%B3n"
"Laurel británico‎","https://colnect.com/es/coins/countries/currency/2340-Laurel_brit%C3%A1nico"
"Laurel de Tristán de Cunha‎","https://colnect.com/es/coins/countries/currency/2874-Laurel_de_Trist%C3%A1n_de_Cunha"
"Leal de la India portuguesa‎","https://colnect.com/es/coins/countries/currency/2293-Leal_de_la_India_portuguesa"
"Lei Rumano - L‎","https://colnect.com/es/coins/countries/currency/22-L_-_Lei_Rumano"
"Lek Albanés - Lek‎","https://colnect.com/es/coins/countries/currency/71-Lek_-_Lek_Alban%C3%A9s"
"Lempira hondureño - L‎","https://colnect.com/es/coins/countries/currency/130-L_-_Lempira_hondure%C3%B1o"
"León dalar, Noruega‎","https://colnect.com/es/coins/list/currency/2451-Le%C3%B3n_dalar_Noruega"
"León de oro belga‎","https://colnect.com/es/coins/list/currency/2879-Le%C3%B3n_de_oro_belga"
"Leona de Sierra Leona - Le ‎","https://colnect.com/es/coins/countries/currency/184-Le_-_Leona_de_Sierra_Leona"
"Leone de los Estados italianos‎","https://colnect.com/es/coins/countries/currency/2742-Leone_de_los_Estados_italianos"
"Leptá jónica‎","https://colnect.com/es/coins/countries/currency/1609-Lept%C3%A1_j%C3%B3nica"
"Leptón de Judea‎","https://colnect.com/es/coins/countries/currency/2067-Lept%C3%B3n_de_Judea"
"Lepton Griego - Λ.‎","https://colnect.com/es/coins/countries/currency/758-%CE%9B_-_Lepton_Griego"
"Leu moldavo - L‎","https://colnect.com/es/coins/countries/currency/160-L_-_Leu_moldavo"
"Lev Búlgaro - лв‎","https://colnect.com/es/coins/countries/currency/97-%D0%BB%D0%B2_-_Lev_B%C3%BAlgaro"
"Li Manchukuo‎","https://colnect.com/es/coins/countries/currency/1274-Li_Manchukuo"
"Liang chino‎","https://colnect.com/es/coins/countries/currency/3047-Liang_chino"
"Liard de Lieja‎","https://colnect.com/es/coins/countries/currency/1725-Liard_de_Lieja"
"Liard de los Estados italianos‎","https://colnect.com/es/coins/countries/currency/2664-Liard_de_los_Estados_italianos"
"Liard de los Estados Pontificios‎","https://colnect.com/es/coins/countries/currency/2633-Liard_de_los_Estados_Pontificios"
"Liard de los Países Bajos Austríacos‎","https://colnect.com/es/coins/countries/currency/1282-Liard_de_los_Pa%C3%ADses_Bajos_Austr%C3%ADacos"
"Liard de los Países Bajos españoles‎","https://colnect.com/es/coins/countries/currency/1746-Liard_de_los_Pa%C3%ADses_Bajos_espa%C3%B1oles"
"Liard francés‎","https://colnect.com/es/coins/countries/currency/1933-Liard_franc%C3%A9s"
"Liard luxemburgués‎","https://colnect.com/es/coins/countries/currency/2144-Liard_luxemburgu%C3%A9s"
"Libra Australiana - £‎","https://colnect.com/es/coins/countries/currency/255-%C2%A3_-_Libra_Australiana"
"Libra Chipriota - £‎","https://colnect.com/es/coins/countries/currency/70-%C2%A3_-_Libra_Chipriota"
"Libra de Alderney - £‎","https://colnect.com/es/coins/countries/currency/72-%C2%A3_-_Libra_de_Alderney"
"Libra de Ascensión - £‎","https://colnect.com/es/coins/countries/currency/81-%C2%A3_-_Libra_de_Ascensi%C3%B3n"
"Libra de Biafra - £‎","https://colnect.com/es/coins/countries/currency/263-%C2%A3_-_Libra_de_Biafra"
"Libra de Ghana - £‎","https://colnect.com/es/coins/countries/currency/1049-%C2%A3_-_Libra_de_Ghana"
"Libra de Gibraltar - £‎","https://colnect.com/es/coins/countries/currency/126-%C2%A3_-_Libra_de_Gibraltar"
"Libra de Guadalupe‎","https://colnect.com/es/coins/countries/currency/934-Libra_de_Guadalupe"
"Libra de Guernsey - £‎","https://colnect.com/es/coins/countries/currency/74-%C2%A3_-_Libra_de_Guernsey"
"Libra de Hejaz - £‎","https://colnect.com/es/coins/list/currency/1343-%C2%A3_-_Libra_de_Hejaz"
"Libra de Jersey - £‎","https://colnect.com/es/coins/countries/currency/138-%C2%A3_-_Libra_de_Jersey"
"Libra de la Isla de Man - £‎","https://colnect.com/es/coins/countries/currency/136-%C2%A3_-_Libra_de_la_Isla_de_Man"
"Libra de las Islas Malvinas - £‎","https://colnect.com/es/coins/countries/currency/1042-%C2%A3_-_Libra_de_las_Islas_Malvinas"
"Libra de Pitcairn‎","https://colnect.com/es/coins/countries/currency/3083-Libra_de_Pitcairn"
"Libra de Santa Elena - £‎","https://colnect.com/es/coins/countries/currency/51-%C2%A3_-_Libra_de_Santa_Elena"
"Libra de Sudán del Sur - SSP‎","https://colnect.com/es/coins/countries/currency/1309-SSP_-_Libra_de_Sud%C3%A1n_del_Sur"
"Libra de Tristán Da Cunha - £‎","https://colnect.com/es/coins/countries/currency/199-%C2%A3_-_Libra_de_Trist%C3%A1n_Da_Cunha"
"Libra de Uganda‎","https://colnect.com/es/coins/list/currency/2608-Libra_de_Uganda"
"Libra Egipcia - £‎","https://colnect.com/es/coins/countries/currency/35-%C2%A3_-_Libra_Egipcia"
"Libra escocesa‎","https://colnect.com/es/coins/list/currency/2473-Libra_escocesa"
"Libra Esterlina Británica - £‎","https://colnect.com/es/coins/countries/currency/19-%C2%A3_-_Libra_Esterlina_Brit%C3%A1nica"
"Libra Francesa‎","https://colnect.com/es/coins/countries/currency/933-Libra_Francesa"
"Libra Francesa Tournois‎","https://colnect.com/es/coins/list/currency/1350-Libra_Francesa_Tournois"
"Libra irlandesa - £‎","https://colnect.com/es/coins/countries/currency/292-%C2%A3_-_Libra_irlandesa"
"Libra Jamaicana - £‎","https://colnect.com/es/coins/countries/currency/1052-%C2%A3_-_Libra_Jamaicana"
"Libra Libanesa - ل.ل‎","https://colnect.com/es/coins/countries/currency/912-%D9%84%D9%84_-_Libra_Libanesa"
"Libra Maltesa - £‎","https://colnect.com/es/coins/countries/currency/1060-%C2%A3_-_Libra_Maltesa"
"Libra Peruana‎","https://colnect.com/es/coins/countries/currency/907-Libra_Peruana"
"Libra portuguesa‎","https://colnect.com/es/coins/list/currency/3016-Libra_portuguesa"
"Libra Rodesiana - £‎","https://colnect.com/es/coins/countries/currency/1091-%C2%A3_-_Libra_Rodesiana"
"Libra Saudí‎","https://colnect.com/es/coins/list/currency/2195-Libra_Saud%C3%AD"
"Libra Siria - £ or ل.س ‎","https://colnect.com/es/coins/countries/currency/193-%C2%A3_or_%D9%84%D8%B3_-_Libra_Siria"
"Libra Sudafricana - £‎","https://colnect.com/es/coins/countries/currency/1097-%C2%A3_-_Libra_Sudafricana"
"Libra Sudanesa - £S.‎","https://colnect.com/es/coins/countries/currency/189-%C2%A3S_-_Libra_Sudanesa"
"Libras de Martinica‎","https://colnect.com/es/coins/countries/currency/2396-Libras_de_Martinica"
"Ligurino de los Estados italianos‎","https://colnect.com/es/coins/list/currency/2679-Ligurino_de_los_Estados_italianos"
"Likuta Zaireño‎","https://colnect.com/es/coins/list/currency/1277-Likuta_Zaire%C3%B1o"
"Lilangeni de Swazilandia - E‎","https://colnect.com/es/coins/countries/currency/191-E_-_Lilangeni_de_Swazilandia"
"Lion daler de Dinamarca‎","https://colnect.com/es/coins/list/currency/2227-Lion_daler_de_Dinamarca"
"Lipa Croata - lp‎","https://colnect.com/es/coins/countries/currency/894-lp_-_Lipa_Croata"
"Lira de Cerdeña - ₤‎","https://colnect.com/es/coins/countries/currency/924-%E2%82%A4_-_Lira_de_Cerde%C3%B1a"
"Lira de Eritrea‎","https://colnect.com/es/coins/countries/currency/1935-Lira_de_Eritrea"
"Lira de la Somalia Italiana‎","https://colnect.com/es/coins/countries/currency/911-Lira_de_la_Somalia_Italiana"
"Lira de los Estados Italianos‎","https://colnect.com/es/coins/countries/currency/1434-Lira_de_los_Estados_Italianos"
"Lira de los Estados Pontificios‎","https://colnect.com/es/coins/countries/currency/919-Lira_de_los_Estados_Pontificios"
"Lira de San Marino - ₤‎","https://colnect.com/es/coins/countries/currency/922-%E2%82%A4_-_Lira_de_San_Marino"
"Lira Israelí‎","https://colnect.com/es/coins/countries/currency/477-Lira_Israel%C3%AD"
"Lira Italiana - ₤‎","https://colnect.com/es/coins/countries/currency/1351-%E2%82%A4_-_Lira_Italiana"
"Lira Maltesa - Lm‎","https://colnect.com/es/coins/countries/currency/156-Lm_-_Lira_Maltesa"
"Lira Maltesa (SMOM)‎","https://colnect.com/es/coins/countries/currency/1959-Lira_Maltesa_SMOM"
"Lira Turca - ₺‎","https://colnect.com/es/coins/countries/currency/460-%E2%82%BA_-_Lira_Turca"
"Lira Vaticana - ₤‎","https://colnect.com/es/coins/countries/currency/930-%E2%82%A4_-_Lira_Vaticana"
"Lira Yemeni‎","https://colnect.com/es/coins/countries/currency/2199-Lira_Yemeni"
"Liretta de los Estados italianos‎","https://colnect.com/es/coins/countries/currency/2741-Liretta_de_los_Estados_italianos"
"Lis de oro francés‎","https://colnect.com/es/coins/list/currency/3005-Lis_de_oro_franc%C3%A9s"
"Litas Lituano - Lt‎","https://colnect.com/es/coins/countries/currency/151-Lt_-_Litas_Lituano"
"Livra Francesa Colonial‎","https://colnect.com/es/coins/list/currency/932-Livra_Francesa_Colonial"
"Livre, Líbano‎","https://colnect.com/es/coins/countries/currency/2327-Livre_L%C3%ADbano"
"Loti de Lesotho - M‎","https://colnect.com/es/coins/countries/currency/147-M_-_Loti_de_Lesotho"
"Louis d ' or Francés‎","https://colnect.com/es/coins/countries/currency/1848-Louis_d_or_Franc%C3%A9s"
"Luhlanga Swazi‎","https://colnect.com/es/coins/list/currency/2156-Luhlanga_Swazi"
"Luigino de los Estados Italianos‎","https://colnect.com/es/coins/countries/currency/1519-Luigino_de_los_Estados_Italianos"
"Luigino de los Estados Pontificios‎","https://colnect.com/es/coins/countries/currency/2634-Luigino_de_los_Estados_Pontificios"
"Luma Armenia - Դ‎","https://colnect.com/es/coins/countries/currency/759-%D4%B4_-_Luma_Armenia"
"Lwei Angolano‎","https://colnect.com/es/coins/countries/currency/1883-Lwei_Angolano"
"Macuta Angoleño‎","https://colnect.com/es/coins/countries/currency/1661-Macuta_Angole%C3%B1o"
"Maglia di bianchetto de los Estados italianos‎","https://colnect.com/es/coins/countries/currency/2726-Maglia_di_bianchetto_de_los_Estados_italianos"
"Mahbub Egipcia‎","https://colnect.com/es/coins/countries/currency/2151-Mahbub_Egipcia"
"Mahmudi Iraní‎","https://colnect.com/es/coins/countries/currency/2307-Mahmudi_Iran%C3%AD"
"Mahmudi saudí‎","https://colnect.com/es/coins/countries/currency/2469-Mahmudi_saud%C3%AD"
"Maille de los Estados italianos‎","https://colnect.com/es/coins/list/currency/2700-Maille_de_los_Estados_italianos"
"Maille Español-Holandés‎","https://colnect.com/es/coins/list/currency/2873-Maille_Espa%C3%B1ol-Holand%C3%A9s"
"Maiorina pecunia, Imperio Romano‎","https://colnect.com/es/coins/list/currency/3101-Maiorina_pecunia_Imperio_Romano"
"Makuta de la República del Congo - K‎","https://colnect.com/es/coins/countries/currency/1541-K_-_Makuta_de_la_Rep%C3%BAblica_del_Congo"
"Makutac Zaireño - K‎","https://colnect.com/es/coins/countries/currency/1543-K_-_Makutac_Zaire%C3%B1o"
"Maley groschen de Bohemia‎","https://colnect.com/es/coins/countries/currency/2906-Maley_groschen_de_Bohemia"
"Malla española‎","https://colnect.com/es/coins/countries/currency/2951-Malla_espa%C3%B1ola"
"Mameita gin, Japón‎","https://colnect.com/es/coins/countries/currency/2328-Mameita_gin_Jap%C3%B3n"
"Manat Azerbaijano - m.‎","https://colnect.com/es/coins/countries/currency/82-m_-_Manat_Azerbaijano"
"Manat de Turkmenistán - m‎","https://colnect.com/es/coins/countries/currency/201-m_-_Manat_de_Turkmenist%C3%A1n"
"Mancuso español‎","https://colnect.com/es/coins/countries/currency/2956-Mancuso_espa%C3%B1ol"
"Manghir, Libia‎","https://colnect.com/es/coins/countries/currency/2353-Manghir_Libia"
"Mangir argelino‎","https://colnect.com/es/coins/countries/currency/2795-Mangir_argelino"
"Mangir Iraqi‎","https://colnect.com/es/coins/countries/currency/2302-Mangir_Iraqi"
"Mangir libio‎","https://colnect.com/es/coins/countries/currency/2351-Mangir_libio"
"Mangir sirio‎","https://colnect.com/es/coins/countries/currency/2161-Mangir_sirio"
"Mangir turco‎","https://colnect.com/es/coins/countries/currency/2599-Mangir_turco"
"Mangir yemení‎","https://colnect.com/es/coins/list/currency/2784-Mangir_yemen%C3%AD"
"Manuel Português Indiano‎","https://colnect.com/es/coins/countries/currency/2292-Manuel_Portugu%C3%AAs_Indiano"
"Manx noble‎","https://colnect.com/es/coins/countries/currency/1956-Manx_noble"
"Maravedí de oro español‎","https://colnect.com/es/coins/countries/currency/2960-Maraved%C3%AD_de_oro_espa%C3%B1ol"
"Maravedí de plata español‎","https://colnect.com/es/coins/countries/currency/2963-Maraved%C3%AD_de_plata_espa%C3%B1ol"
"Maravedí Español‎","https://colnect.com/es/coins/countries/currency/947-Maraved%C3%AD_Espa%C3%B1ol"
"Maravedí mejicano‎","https://colnect.com/es/coins/countries/currency/2397-Maraved%C3%AD_mejicano"
"Marcello de los Estados italianos‎","https://colnect.com/es/coins/countries/currency/2747-Marcello_de_los_Estados_italianos"
"Marck alemán‎","https://colnect.com/es/coins/countries/currency/3029-Marck_alem%C3%A1n"
"Marco Alemán - DM‎","https://colnect.com/es/coins/countries/currency/211-DM_-_Marco_Alem%C3%A1n"
"Marco convertible de Bosnia y Herzegovina - KM‎","https://colnect.com/es/coins/countries/currency/92-KM_-_Marco_convertible_de_Bosnia_y_Herzegovina"
"Marco Danés‎","https://colnect.com/es/coins/countries/currency/2225-Marco_Dan%C3%A9s"
"Marco de Alemania del Este - M‎","https://colnect.com/es/coins/countries/currency/958-M_-_Marco_de_Alemania_del_Este"
"Marco de Estonia - M‎","https://colnect.com/es/coins/countries/currency/504-M_-_Marco_de_Estonia"
"Marco de Livonia‎","https://colnect.com/es/coins/countries/currency/2358-Marco_de_Livonia"
"Marco de Nueva Guinea Alemana - ℳ‎","https://colnect.com/es/coins/countries/currency/1594-%E2%84%B3_-_Marco_de_Nueva_Guinea_Alemana"
"Marco dinamarqués‎","https://colnect.com/es/coins/countries/currency/2219-Marco_dinamarqu%C3%A9s"
"Marco Finlandés - mk‎","https://colnect.com/es/coins/countries/currency/15-mk_-_Marco_Finland%C3%A9s"
"Marco Oro Alemán - ℳ‎","https://colnect.com/es/coins/countries/currency/951-%E2%84%B3_-_Marco_Oro_Alem%C3%A1n"
"Marco Sueco‎","https://colnect.com/es/coins/countries/currency/1945-Marco_Sueco"
"Marco, Noruega‎","https://colnect.com/es/coins/countries/currency/2453-Marco_Noruega"
"Mariengroschen Alemán‎","https://colnect.com/es/coins/countries/currency/1570-Mariengroschen_Alem%C3%A1n"
"Mariengulden alemán‎","https://colnect.com/es/coins/countries/currency/3089-Mariengulden_alem%C3%A1n"
"Marka Polaco - mp‎","https://colnect.com/es/coins/countries/currency/965-mp_-_Marka_Polaco"
"Mas Malayo‎","https://colnect.com/es/coins/countries/currency/2387-Mas_Malayo"
"Masenetta de los Estados italianos‎","https://colnect.com/es/coins/list/currency/2673-Masenetta_de_los_Estados_italianos"
"Massa Ceilanés‎","https://colnect.com/es/coins/countries/currency/1966-Massa_Ceilan%C3%A9s"
"Massa india‎","https://colnect.com/es/coins/list/currency/3018-Massa_india"
"Massa Indonesio‎","https://colnect.com/es/coins/countries/currency/2065-Massa_Indonesio"
"Mat, Myanmar‎","https://colnect.com/es/coins/countries/currency/2418-Mat_Myanmar"
"Matona Etíope‎","https://colnect.com/es/coins/countries/currency/1422-Matona_Et%C3%ADope"
"Mattier, Estados alemanes‎","https://colnect.com/es/coins/countries/currency/2496-Mattier_Estados_alemanes"
"Maximiliano de oro alemán‎","https://colnect.com/es/coins/countries/currency/3020-Maximiliano_de_oro_alem%C3%A1n"
"Mazuma Marroquí‎","https://colnect.com/es/coins/countries/currency/1445-Mazuma_Marroqu%C3%AD"
"Mechelaar belga‎","https://colnect.com/es/coins/list/currency/2866-Mechelaar_belga"
"Medin Egipcio‎","https://colnect.com/es/coins/countries/currency/2107-Medin_Egipcio"
"Medin sirio‎","https://colnect.com/es/coins/countries/currency/2535-Medin_sirio"
"Meeuw neerlandés‎","https://colnect.com/es/coins/countries/currency/2885-Meeuw_neerland%C3%A9s"
"Mehalek Etíope‎","https://colnect.com/es/coins/list/currency/1808-Mehalek_Et%C3%ADope"
"Mei chino‎","https://colnect.com/es/coins/list/currency/3050-Mei_chino"
"Melgarejo Boliviano‎","https://colnect.com/es/coins/countries/currency/1760-Melgarejo_Boliviano"
"Memduhiye altin turco‎","https://colnect.com/es/coins/countries/currency/2574-Memduhiye_altin_turco"
"Mengir Egipcio‎","https://colnect.com/es/coins/countries/currency/2103-Mengir_Egipcio"
"Menut, Estados Españoles‎","https://colnect.com/es/coins/countries/currency/2493-Menut_Estados_Espa%C3%B1oles"
"Merc Escocés‎","https://colnect.com/es/coins/countries/currency/1386-Merc_Escoc%C3%A9s"
"Metical de Mozambique - MTn‎","https://colnect.com/es/coins/countries/currency/163-MTn_-_Metical_de_Mozambique"
"Michaelgulden, Cantones suizos‎","https://colnect.com/es/coins/list/currency/2513-Michaelgulden_Cantones_suizos"
"Mil Chipriota - M‎","https://colnect.com/es/coins/countries/currency/1038-M_-_Mil_Chipriota"
"Mil de Hong Kong‎","https://colnect.com/es/coins/countries/currency/1878-Mil_de_Hong_Kong"
"Mil de Palestina‎","https://colnect.com/es/coins/countries/currency/1084-Mil_de_Palestina"
"Mil Israelí‎","https://colnect.com/es/coins/list/currency/1763-Mil_Israel%C3%AD"
"Mil Maltés - m‎","https://colnect.com/es/coins/countries/currency/917-m_-_Mil_Malt%C3%A9s"
"Milésima Española‎","https://colnect.com/es/coins/list/currency/1793-Mil%C3%A9sima_Espa%C3%B1ola"
"Miliaresion del Imperio Bizantino‎","https://colnect.com/es/coins/list/currency/1997-Miliaresion_del_Imperio_Bizantino"
"Millieme Egipcio - M‎","https://colnect.com/es/coins/countries/currency/1684-M_-_Millieme_Egipcio"
"Millieme Libio - M‎","https://colnect.com/es/coins/countries/currency/1308-M_-_Millieme_Libio"
"Millim Sudanés - M‎","https://colnect.com/es/coins/countries/currency/1384-M_-_Millim_Sudan%C3%A9s"
"Millim Tunecino - LSd‎","https://colnect.com/es/coins/countries/currency/684-LSd_-_Millim_Tunecino"
"Minuto de los Estados italianos‎","https://colnect.com/es/coins/countries/currency/2638-Minuto_de_los_Estados_italianos"
"Miscal Chino‎","https://colnect.com/es/coins/countries/currency/2192-Miscal_Chino"
"Mite neerlandés‎","https://colnect.com/es/coins/countries/currency/2872-Mite_neerland%C3%A9s"
"Mitqal, Marruecos‎","https://colnect.com/es/coins/countries/currency/2410-Mitqal_Marruecos"
"Mocenigo de los Estados italianos‎","https://colnect.com/es/coins/countries/currency/2746-Mocenigo_de_los_Estados_italianos"
"Mohar Nepali‎","https://colnect.com/es/coins/countries/currency/968-Mohar_Nepali"
"Mohur afgano‎","https://colnect.com/es/coins/countries/currency/2127-Mohur_afgano"
"Mohur Indiano‎","https://colnect.com/es/coins/countries/currency/2260-Mohur_Indiano"
"Mohúr iranio‎","https://colnect.com/es/coins/countries/currency/2308-Moh%C3%BAr_iranio"
"Mohur Maldivo‎","https://colnect.com/es/coins/countries/currency/2177-Mohur_Maldivo"
"Mohúr, India francesa‎","https://colnect.com/es/coins/countries/currency/2279-Moh%C3%BAr_India_francesa"
"Momme, Japón‎","https://colnect.com/es/coins/countries/currency/2332-Momme_Jap%C3%B3n"
"Mon Japoneses‎","https://colnect.com/es/coins/countries/currency/969-Mon_Japoneses"
"Möngö Mongol‎","https://colnect.com/es/coins/countries/currency/1255-M%C3%B6ng%C3%B6_Mongol"
"Morabetino español‎","https://colnect.com/es/coins/countries/currency/2965-Morabetino_espa%C3%B1ol"
"Mouton D'or francés‎","https://colnect.com/es/coins/countries/currency/3028-Mouton_Dor_franc%C3%A9s"
"Mu de Myanmar‎","https://colnect.com/es/coins/countries/currency/1822-Mu_de_Myanmar"
"Mun Coreano‎","https://colnect.com/es/coins/countries/currency/970-Mun_Coreano"
"Munzgulden suizo‎","https://colnect.com/es/coins/countries/currency/2528-Munzgulden_suizo"
"Muraiola de los Estados italianos‎","https://colnect.com/es/coins/countries/currency/2665-Muraiola_de_los_Estados_italianos"
"Muraiola de los Estados Pontificios‎","https://colnect.com/es/coins/countries/currency/2627-Muraiola_de_los_Estados_Pontificios"
"Naira Nigeriana - ₦‎","https://colnect.com/es/coins/countries/currency/171-%E2%82%A6_-_Naira_Nigeriana"
"Nasri Tunisino‎","https://colnect.com/es/coins/countries/currency/1973-Nasri_Tunisino"
"Naya Paisa Butanés - NP‎","https://colnect.com/es/coins/countries/currency/1175-NP_-_Naya_Paisa_Butan%C3%A9s"
"Naye Paisa Indio - nP‎","https://colnect.com/es/coins/countries/currency/1893-nP_-_Naye_Paisa_Indio"
"Ngultrum butanés - Nu‎","https://colnect.com/es/coins/countries/currency/90-Nu_-_Ngultrum_butan%C3%A9s"
"Ngwee de Zambia - n‎","https://colnect.com/es/coins/countries/currency/896-n_-_Ngwee_de_Zambia"
"Nisar afgano‎","https://colnect.com/es/coins/list/currency/2129-Nisar_afgano"
"Noble belga‎","https://colnect.com/es/coins/list/currency/2883-Noble_belga"
"Noble Léon Escocés‎","https://colnect.com/es/coins/countries/currency/1391-Noble_L%C3%A9on_Escoc%C3%A9s"
"Noble neerlandés‎","https://colnect.com/es/coins/countries/currency/2846-Noble_neerland%C3%A9s"
"Noble rosa neerlandés‎","https://colnect.com/es/coins/countries/currency/2817-Noble_rosa_neerland%C3%A9s"
"Noble, Gran Bretaña‎","https://colnect.com/es/coins/countries/currency/2355-Noble_Gran_Breta%C3%B1a"
"Noble, Gran Bretaña‎","https://colnect.com/es/coins/countries/currency/2337-Noble_Gran_Breta%C3%B1a"
"Noven Español‎","https://colnect.com/es/coins/countries/currency/2136-Noven_Espa%C3%B1ol"
"Nueva Lira Turca - ₺‎","https://colnect.com/es/coins/countries/currency/173-%E2%82%BA_-_Nueva_Lira_Turca"
"Nuevo adli altin turco‎","https://colnect.com/es/coins/countries/currency/2571-Nuevo_adli_altin_turco"
"Nuevo Agora Israeli‎","https://colnect.com/es/coins/countries/currency/1212-Nuevo_Agora_Israeli"
"Nuevo altin turco‎","https://colnect.com/es/coins/list/currency/2586-Nuevo_altin_turco"
"Nuevo Céntimo Peruano‎","https://colnect.com/es/coins/countries/currency/974-Nuevo_C%C3%A9ntimo_Peruano"
"Nuevo Cruzado Brasileño - NCz$‎","https://colnect.com/es/coins/countries/currency/1327-NCz_-_Nuevo_Cruzado_Brasile%C3%B1o"
"Nuevo dinar yugoslavo‎","https://colnect.com/es/coins/countries/currency/2884-Nuevo_dinar_yugoslavo"
"Nuevo jiǎo de Taiwán - jiao 角‎","https://colnect.com/es/coins/countries/currency/743-jiao_%E8%A7%92_-_Nuevo_ji%C7%8Eo_de_Taiw%C3%A1n"
"Nuevo Kuruş Turco‎","https://colnect.com/es/coins/countries/currency/928-Nuevo_Kuru%C5%9F_Turco"
"Nuevo penique de Guernsey‎","https://colnect.com/es/coins/countries/currency/2964-Nuevo_penique_de_Guernsey"
"Nuevo penique de Jersey‎","https://colnect.com/es/coins/countries/currency/2939-Nuevo_penique_de_Jersey"
"Nuevo penique de Manx‎","https://colnect.com/es/coins/countries/currency/2974-Nuevo_penique_de_Manx"
"Nuevo Peso Mexicano - N$‎","https://colnect.com/es/coins/countries/currency/31-N_-_Nuevo_Peso_Mexicano"
"Nuevo Peso Uruguayo - N$‎","https://colnect.com/es/coins/countries/currency/12-N_-_Nuevo_Peso_Uruguayo"
"Nuevo Shekel Israelí - ₪‎","https://colnect.com/es/coins/countries/currency/1210-%E2%82%AA_-_Nuevo_Shekel_Israel%C3%AD"
"Nuevo Shekel israelí‎","https://colnect.com/es/coins/countries/currency/2810-Nuevo_Shekel_israel%C3%AD"
"Nuevo Sol Peruano - S/.‎","https://colnect.com/es/coins/countries/currency/178-S_-_Nuevo_Sol_Peruano"
"Nuevo Zaire Zaireño - NZ‎","https://colnect.com/es/coins/countries/currency/1544-NZ_-_Nuevo_Zaire_Zaire%C3%B1o"
"Nummo del Imperio Bizantino‎","https://colnect.com/es/coins/countries/currency/3110-Nummo_del_Imperio_Bizantino"
"Nummus del Imperio Bizantino‎","https://colnect.com/es/coins/countries/currency/3106-Nummus_del_Imperio_Bizantino"
"Nummus del Imperio Romano‎","https://colnect.com/es/coins/countries/currency/3060-Nummus_del_Imperio_Romano"
"Nummus español‎","https://colnect.com/es/coins/countries/currency/2572-Nummus_espa%C3%B1ol"
"Obol de la Grecia Antigua‎","https://colnect.com/es/coins/countries/currency/2097-Obol_de_la_Grecia_Antigua"
"Obol de los Estados italianos‎","https://colnect.com/es/coins/countries/currency/2641-Obol_de_los_Estados_italianos"
"Obol del Principado de Moldavia‎","https://colnect.com/es/coins/list/currency/1706-Obol_del_Principado_de_Moldavia"
"Obol Jónico‎","https://colnect.com/es/coins/countries/currency/975-Obol_J%C3%B3nico"
"Obole francés‎","https://colnect.com/es/coins/countries/currency/2145-Obole_franc%C3%A9s"
"Óbolo de Transilvania‎","https://colnect.com/es/coins/countries/currency/2558-%C3%93bolo_de_Transilvania"
"Óbolo egipcio‎","https://colnect.com/es/coins/countries/currency/2082-%C3%93bolo_egipcio"
"Óbolo Español‎","https://colnect.com/es/coins/countries/currency/2002-%C3%93bolo_Espa%C3%B1ol"
"Obolo Húngaro‎","https://colnect.com/es/coins/countries/currency/2157-Obolo_H%C3%BAngaro"
"Octadracma egipcio‎","https://colnect.com/es/coins/countries/currency/2083-Octadracma_egipcio"
"Octavo, España‎","https://colnect.com/es/coins/countries/currency/2457-Octavo_Espa%C3%B1a"
"Octóbolo egipcio‎","https://colnect.com/es/coins/list/currency/2084-Oct%C3%B3bolo_egipcio"
"Octuple de los Estados Pontificios‎","https://colnect.com/es/coins/list/currency/2635-Octuple_de_los_Estados_Pontificios"
"Onca, Mozambique‎","https://colnect.com/es/coins/countries/currency/2416-Onca_Mozambique"
"Oncia de los Estados italianos‎","https://colnect.com/es/coins/countries/currency/2731-Oncia_de_los_Estados_italianos"
"Ongaro de los Estados italianos‎","https://colnect.com/es/coins/countries/currency/2660-Ongaro_de_los_Estados_italianos"
"onluk egipcio‎","https://colnect.com/es/coins/list/currency/2236-onluk_egipcio"
"Onluk eshrefi altin turco‎","https://colnect.com/es/coins/list/currency/2580-Onluk_eshrefi_altin_turco"
"Onluk sirio‎","https://colnect.com/es/coins/list/currency/2163-Onluk_sirio"
"Onluk tunecino‎","https://colnect.com/es/coins/list/currency/2566-Onluk_tunecino"
"Onluk turco‎","https://colnect.com/es/coins/countries/currency/2602-Onluk_turco"
"Onza afgana‎","https://colnect.com/es/coins/list/currency/2790-Onza_afgana"
"Onza andorrana - Oz‎","https://colnect.com/es/coins/countries/currency/2703-Oz_-_Onza_andorrana"
"Onza armenio - Oz‎","https://colnect.com/es/coins/countries/currency/2807-Oz_-_Onza_armenio"
"Onza australiana‎","https://colnect.com/es/coins/countries/currency/2808-Onza_australiana"
"Onza Chilena - Oz‎","https://colnect.com/es/coins/countries/currency/2190-Oz_-_Onza_Chilena"
"Onza China‎","https://colnect.com/es/coins/countries/currency/2207-Onza_China"
"Onza croata‎","https://colnect.com/es/coins/countries/currency/2909-Onza_croata"
"Onza de Bolivia - Oz‎","https://colnect.com/es/coins/countries/currency/2172-Oz_-_Onza_de_Bolivia"
"Onza de Brasil‎","https://colnect.com/es/coins/countries/currency/2806-Onza_de_Brasil"
"Onza de Burkina Faso‎","https://colnect.com/es/coins/countries/currency/1936-Onza_de_Burkina_Faso"
"Onza de Zimbabwe‎","https://colnect.com/es/coins/countries/currency/3077-Onza_de_Zimbabwe"
"Onza dominicana‎","https://colnect.com/es/coins/countries/currency/2799-Onza_dominicana"
"Onza Estados Unidos de África - Oz‎","https://colnect.com/es/coins/list/currency/3086-Oz_-_Onza_Estados_Unidos_de_%C3%81frica"
"Onza Mexicana - Oz‎","https://colnect.com/es/coins/countries/currency/1444-Oz_-_Onza_Mexicana"
"Onza polaca - Oz‎","https://colnect.com/es/coins/list/currency/2789-Oz_-_Onza_polaca"
"Onza soviética‎","https://colnect.com/es/coins/list/currency/2989-Onza_sovi%C3%A9tica"
"Onza Sudafricana‎","https://colnect.com/es/coins/countries/currency/1875-Onza_Sudafricana"
"Onza surcoreana - Oz‎","https://colnect.com/es/coins/countries/currency/2740-Oz_-_Onza_surcoreana"
"Onza venezolana - Oz‎","https://colnect.com/es/coins/countries/currency/2756-Oz_-_Onza_venezolana"
"Onza, Nueva Zelanda‎","https://colnect.com/es/coins/countries/currency/2442-Onza_Nueva_Zelanda"
"Onza, Singapur‎","https://colnect.com/es/coins/countries/currency/2474-Onza_Singapur"
"Oord Holandés‎","https://colnect.com/es/coins/countries/currency/1755-Oord_Holand%C3%A9s"
"Ore de Groenlandia‎","https://colnect.com/es/coins/countries/currency/1339-Ore_de_Groenlandia"
"Öre Sueco‎","https://colnect.com/es/coins/countries/currency/885-%C3%96re_Sueco"
"Oro de Zimbabwe - ZiG‎","https://colnect.com/es/coins/countries/currency/3078-ZiG_-_Oro_de_Zimbabwe"
"Ort Polaco‎","https://colnect.com/es/coins/countries/currency/1835-Ort_Polaco"
"Ostruble Alemán‎","https://colnect.com/es/coins/countries/currency/977-Ostruble_Alem%C3%A1n"
"Ouguiya Mauritano - UM‎","https://colnect.com/es/coins/countries/currency/157-UM_-_Ouguiya_Mauritano"
"øre Danés - øre‎","https://colnect.com/es/coins/countries/currency/887-%C3%B8re_-_%C3%B8re_Dan%C3%A9s"
"øre Noruego‎","https://colnect.com/es/coins/countries/currency/889-%C3%B8re_Noruego"
"Pa'anga de Tonga - T$‎","https://colnect.com/es/coins/countries/currency/49-T_-_Paanga_de_Tonga"
"Pacífico español‎","https://colnect.com/es/coins/countries/currency/2952-Pac%C3%ADfico_espa%C3%B1ol"
"Pagoda de la India‎","https://colnect.com/es/coins/countries/currency/1962-Pagoda_de_la_India"
"Pagoda India Francesa‎","https://colnect.com/es/coins/countries/currency/2285-Pagoda_India_Francesa"
"Pagoda, India holandesa‎","https://colnect.com/es/coins/countries/currency/2278-Pagoda_India_holandesa"
"Pagode de las Indias Danesas‎","https://colnect.com/es/coins/list/currency/1860-Pagode_de_las_Indias_Danesas"
"Pahlavi Iraní‎","https://colnect.com/es/coins/countries/currency/1494-Pahlavi_Iran%C3%AD"
"Pai indio‎","https://colnect.com/es/coins/countries/currency/3019-Pai_indio"
"Pai song tailandés‎","https://colnect.com/es/coins/countries/currency/2550-Pai_song_tailand%C3%A9s"
"Pai tailandés‎","https://colnect.com/es/coins/countries/currency/2542-Pai_tailand%C3%A9s"
"Paisa Afgano‎","https://colnect.com/es/coins/countries/currency/1421-Paisa_Afgano"
"Paisa de Bangladesh - P‎","https://colnect.com/es/coins/countries/currency/1230-P_-_Paisa_de_Bangladesh"
"Paisa India Francesa‎","https://colnect.com/es/coins/list/currency/2280-Paisa_India_Francesa"
"Paisa Indio - P‎","https://colnect.com/es/coins/countries/currency/868-P_-_Paisa_Indio"
"Paisa Nepali - P‎","https://colnect.com/es/coins/countries/currency/1184-P_-_Paisa_Nepali"
"Paisa Pakistaní - p‎","https://colnect.com/es/coins/countries/currency/1185-p_-_Paisa_Pakistan%C3%AD"
"Panchia Indiano‎","https://colnect.com/es/coins/countries/currency/2263-Panchia_Indiano"
"Pann nepalí‎","https://colnect.com/es/coins/countries/currency/2090-Pann_nepal%C3%AD"
"Panterino de los Estados italianos‎","https://colnect.com/es/coins/list/currency/2689-Panterino_de_los_Estados_italianos"
"Paoli de los Estados Pontificios‎","https://colnect.com/es/coins/countries/currency/1478-Paoli_de_los_Estados_Pontificios"
"Paolo de los Estados Italianos‎","https://colnect.com/es/coins/countries/currency/2682-Paolo_de_los_Estados_Italianos"
"Para de Moldavia y Wallachia‎","https://colnect.com/es/coins/countries/currency/1941-Para_de_Moldavia_y_Wallachia"
"Para de Montenegro‎","https://colnect.com/es/coins/countries/currency/989-Para_de_Montenegro"
"Para Egipcio‎","https://colnect.com/es/coins/countries/currency/1409-Para_Egipcio"
"Para Iraqi‎","https://colnect.com/es/coins/countries/currency/2267-Para_Iraqi"
"Para Libio‎","https://colnect.com/es/coins/countries/currency/1442-Para_Libio"
"Para Saudí‎","https://colnect.com/es/coins/countries/currency/1737-Para_Saud%C3%AD"
"Para Serbio‎","https://colnect.com/es/coins/countries/currency/679-Para_Serbio"
"Para Sirio‎","https://colnect.com/es/coins/list/currency/1795-Para_Sirio"
"Para Sudanes‎","https://colnect.com/es/coins/countries/currency/2073-Para_Sudanes"
"Para Turco‎","https://colnect.com/es/coins/countries/currency/1299-Para_Turco"
"Para yemení‎","https://colnect.com/es/coins/countries/currency/2783-Para_yemen%C3%AD"
"Para Yugoslavo‎","https://colnect.com/es/coins/countries/currency/685-Para_Yugoslavo"
"Pardao de la India portuguesa‎","https://colnect.com/es/coins/countries/currency/2288-Pardao_de_la_India_portuguesa"
"Parpagliola de los Estados italianos‎","https://colnect.com/es/coins/countries/currency/2311-Parpagliola_de_los_Estados_italianos"
"Parvus Húngaro‎","https://colnect.com/es/coins/list/currency/1487-Parvus_H%C3%BAngaro"
"Pashiz del Imperio sasánida‎","https://colnect.com/es/coins/countries/currency/3123-Pashiz_del_Imperio_sas%C3%A1nida"
"Pataca de Macao - P‎","https://colnect.com/es/coins/countries/currency/152-P_-_Pataca_de_Macao"
"Patacca de los Estados italianos‎","https://colnect.com/es/coins/countries/currency/2670-Patacca_de_los_Estados_italianos"
"Patacchi, Mónaco‎","https://colnect.com/es/coins/countries/currency/2403-Patacchi_M%C3%B3naco"
"Pataco Português Indiano‎","https://colnect.com/es/coins/countries/currency/2297-Pataco_Portugu%C3%AAs_Indiano"
"Patacón argentino‎","https://colnect.com/es/coins/countries/currency/2800-Patac%C3%B3n_argentino"
"Patagon de los Países Bajos españoles‎","https://colnect.com/es/coins/countries/currency/1747-Patagon_de_los_Pa%C3%ADses_Bajos_espa%C3%B1oles"
"Patagon, Lieja‎","https://colnect.com/es/coins/countries/currency/2369-Patagon_Lieja"
"Patard de los Estados Pontificios‎","https://colnect.com/es/coins/countries/currency/2636-Patard_de_los_Estados_Pontificios"
"Patard de los Países Bajos austríacos‎","https://colnect.com/es/coins/countries/currency/2891-Patard_de_los_Pa%C3%ADses_Bajos_austr%C3%ADacos"
"Patard de los Países Bajos españoles‎","https://colnect.com/es/coins/countries/currency/1748-Patard_de_los_Pa%C3%ADses_Bajos_espa%C3%B1oles"
"Patard, Lieja‎","https://colnect.com/es/coins/countries/currency/2371-Patard_Lieja"
"Payalo Indio‎","https://colnect.com/es/coins/list/currency/1499-Payalo_Indio"
"Pe Camboyano‎","https://colnect.com/es/coins/countries/currency/2179-Pe_Camboyano"
"Pe de Myanmar‎","https://colnect.com/es/coins/countries/currency/1447-Pe_de_Myanmar"
"Peerdeke neerlandés‎","https://colnect.com/es/coins/countries/currency/2832-Peerdeke_neerland%C3%A9s"
"Pengő Húngaro - P‎","https://colnect.com/es/coins/countries/currency/986-P_-_Peng%C5%91_H%C3%BAngaro"
"Penique Austro-Húngaro‎","https://colnect.com/es/coins/countries/currency/2053-Penique_Austro-H%C3%BAngaro"
"Penique Autraliano - d‎","https://colnect.com/es/coins/countries/currency/1031-d_-_Penique_Autraliano"
"Penique Británico - p‎","https://colnect.com/es/coins/countries/currency/231-p_-_Penique_Brit%C3%A1nico"
"Penique de África Británica Occidental - d‎","https://colnect.com/es/coins/countries/currency/1400-d_-_Penique_de_%C3%81frica_Brit%C3%A1nica_Occidental"
"Penique de Alderney‎","https://colnect.com/es/coins/countries/currency/2138-Penique_de_Alderney"
"Penique de Ascensión - p‎","https://colnect.com/es/coins/countries/currency/1864-p_-_Penique_de_Ascensi%C3%B3n"
"Penique de Barbados - d‎","https://colnect.com/es/coins/countries/currency/1441-d_-_Penique_de_Barbados"
"Penique de Biafra - d‎","https://colnect.com/es/coins/countries/currency/1033-d_-_Penique_de_Biafra"
"Penique de Fiji - d‎","https://colnect.com/es/coins/countries/currency/1045-d_-_Penique_de_Fiji"
"Penique de Gambia - d‎","https://colnect.com/es/coins/countries/currency/1410-d_-_Penique_de_Gambia"
"Penique de Ghana - d‎","https://colnect.com/es/coins/countries/currency/1412-d_-_Penique_de_Ghana"
"Penique de Gibraltar - p‎","https://colnect.com/es/coins/countries/currency/1050-p_-_Penique_de_Gibraltar"
"Penique de Guernsey - p‎","https://colnect.com/es/coins/countries/currency/1051-p_-_Penique_de_Guernsey"
"Penique de Honduras Británica‎","https://colnect.com/es/coins/list/currency/2915-Penique_de_Honduras_Brit%C3%A1nica"
"Penique de Jersey - p‎","https://colnect.com/es/coins/countries/currency/1055-p_-_Penique_de_Jersey"
"Penique de la Guyana Británica - p‎","https://colnect.com/es/coins/countries/currency/1547-p_-_Penique_de_la_Guyana_Brit%C3%A1nica"
"Penique de la Isla de Man - p‎","https://colnect.com/es/coins/countries/currency/1063-p_-_Penique_de_la_Isla_de_Man"
"Penique de las Bahamas‎","https://colnect.com/es/coins/countries/currency/1577-Penique_de_las_Bahamas"
"Penique de las Bermudas - d‎","https://colnect.com/es/coins/countries/currency/1032-d_-_Penique_de_las_Bermudas"
"Penique de las Islas Malvinas - p‎","https://colnect.com/es/coins/countries/currency/1043-p_-_Penique_de_las_Islas_Malvinas"
"Penique de las Islas Vírgenes Británicas (Tórtola)‎","https://colnect.com/es/coins/countries/currency/2918-Penique_de_las_Islas_V%C3%ADrgenes_Brit%C3%A1nicas_T%C3%B3rtola"
"Penique de los Estados Unidos‎","https://colnect.com/es/coins/countries/currency/2613-Penique_de_los_Estados_Unidos"
"Penique de Malawi - d‎","https://colnect.com/es/coins/countries/currency/1059-d_-_Penique_de_Malawi"
"Penique de Nueva Escocia - p‎","https://colnect.com/es/coins/countries/currency/1730-p_-_Penique_de_Nueva_Escocia"
"Penique de Nueva Guinea - d‎","https://colnect.com/es/coins/countries/currency/1070-d_-_Penique_de_Nueva_Guinea"
"Penique de Nueva Zelanda - d‎","https://colnect.com/es/coins/countries/currency/1076-d_-_Penique_de_Nueva_Zelanda"
"Penique de Nuevo Brunswick - p‎","https://colnect.com/es/coins/countries/currency/1581-p_-_Penique_de_Nuevo_Brunswick"
"Penique de oro británico‎","https://colnect.com/es/coins/list/currency/2338-Penique_de_oro_brit%C3%A1nico"
"Penique de Pitcairn‎","https://colnect.com/es/coins/countries/currency/2998-Penique_de_Pitcairn"
"Penique de Rhodesia del Sur - d‎","https://colnect.com/es/coins/countries/currency/1103-d_-_Penique_de_Rhodesia_del_Sur"
"Penique de Rhodesia y Nyasalandia - d‎","https://colnect.com/es/coins/countries/currency/1090-d_-_Penique_de_Rhodesia_y_Nyasalandia"
"Penique de Santa Helena - p‎","https://colnect.com/es/coins/countries/currency/1094-p_-_Penique_de_Santa_Helena"
"Penique de Sierra Leona‎","https://colnect.com/es/coins/countries/currency/2140-Penique_de_Sierra_Leona"
"Penique de Tobago - p‎","https://colnect.com/es/coins/countries/currency/1635-p_-_Penique_de_Tobago"
"Penique de Tristán Da Cunha - p‎","https://colnect.com/es/coins/countries/currency/1471-p_-_Penique_de_Trist%C3%A1n_Da_Cunha"
"Penique de Zambia - d‎","https://colnect.com/es/coins/countries/currency/1112-d_-_Penique_de_Zambia"
"Penique Escocés - p‎","https://colnect.com/es/coins/countries/currency/1390-p_-_Penique_Escoc%C3%A9s"
"Penique holandés‎","https://colnect.com/es/coins/countries/currency/2852-Penique_holand%C3%A9s"
"Penique Irlandés - p‎","https://colnect.com/es/coins/countries/currency/1114-p_-_Penique_Irland%C3%A9s"
"Penique Jamaicano - d‎","https://colnect.com/es/coins/countries/currency/1054-d_-_Penique_Jamaicano"
"Penique Nigeriano - d‎","https://colnect.com/es/coins/countries/currency/1079-d_-_Penique_Nigeriano"
"Penique Rodesiano - d‎","https://colnect.com/es/coins/countries/currency/1093-d_-_Penique_Rodesiano"
"Penique Sudafricano - d‎","https://colnect.com/es/coins/countries/currency/1099-d_-_Penique_Sudafricano"
"Penni Finlandés - p‎","https://colnect.com/es/coins/countries/currency/966-p_-_Penni_Finland%C3%A9s"
"Penning Danés‎","https://colnect.com/es/coins/countries/currency/2215-Penning_Dan%C3%A9s"
"Penny Curlandiae‎","https://colnect.com/es/coins/countries/currency/1592-Penny_Curlandiae"
"Pentadracma egipcio‎","https://colnect.com/es/coins/countries/currency/2085-Pentadracma_egipcio"
"Pentanummium del Imperio Bizantino‎","https://colnect.com/es/coins/countries/currency/2149-Pentanummium_del_Imperio_Bizantino"
"Pepion español‎","https://colnect.com/es/coins/list/currency/2590-Pepion_espa%C3%B1ol"
"Perper de Montenegro‎","https://colnect.com/es/coins/countries/currency/276-Perper_de_Montenegro"
"Perpero de Ragusa‎","https://colnect.com/es/coins/list/currency/2758-Perpero_de_Ragusa"
"Perro Negro de Nevisian‎","https://colnect.com/es/coins/countries/currency/1397-Perro_Negro_de_Nevisian"
"Pesa del África del Este Alemana‎","https://colnect.com/es/coins/list/currency/1615-Pesa_del_%C3%81frica_del_Este_Alemana"
"Peseta de Guinea Ecuatorial‎","https://colnect.com/es/coins/countries/currency/992-Peseta_de_Guinea_Ecuatorial"
"Peseta Española - Pta‎","https://colnect.com/es/coins/countries/currency/213-Pta_-_Peseta_Espa%C3%B1ola"
"Peseta Peruana‎","https://colnect.com/es/coins/countries/currency/993-Peseta_Peruana"
"Peseta Saharaui‎","https://colnect.com/es/coins/countries/currency/1455-Peseta_Saharaui"
"Pesewa de Ghana - Gp‎","https://colnect.com/es/coins/countries/currency/651-Gp_-_Pesewa_de_Ghana"
"Peso Argentino - $a‎","https://colnect.com/es/coins/countries/currency/996-a_-_Peso_Argentino"
"Peso Argentino - $‎","https://colnect.com/es/coins/countries/currency/78-_-_Peso_Argentino"
"Peso Boliviano - b$‎","https://colnect.com/es/coins/countries/currency/265-b_-_Peso_Boliviano"
"Peso Chileno - $‎","https://colnect.com/es/coins/countries/currency/27-_-_Peso_Chileno"
"Peso Colombiano - $‎","https://colnect.com/es/coins/countries/currency/106-_-_Peso_Colombiano"
"Peso Cubano - $MN‎","https://colnect.com/es/coins/countries/currency/39-MN_-_Peso_Cubano"
"Peso Cubano Convertible - $‎","https://colnect.com/es/coins/countries/currency/38-_-_Peso_Cubano_Convertible"
"Peso de Antillas Holandesas - $‎","https://colnect.com/es/coins/countries/currency/2203-_-_Peso_de_Antillas_Holandesas"
"Peso de Costa Rica‎","https://colnect.com/es/coins/countries/currency/1005-Peso_de_Costa_Rica"
"Peso de Guinea-Bissau‎","https://colnect.com/es/coins/countries/currency/1011-Peso_de_Guinea-Bissau"
"Peso dominicano - $‎","https://colnect.com/es/coins/countries/currency/114-_-_Peso_dominicano"
"Peso Filipino - P‎","https://colnect.com/es/coins/countries/currency/179-P_-_Peso_Filipino"
"Peso Guatemalteco‎","https://colnect.com/es/coins/countries/currency/1010-Peso_Guatemalteco"
"Peso Hondureño‎","https://colnect.com/es/coins/countries/currency/1013-Peso_Hondure%C3%B1o"
"Peso Ley Argentino - $L‎","https://colnect.com/es/coins/countries/currency/998-L_-_Peso_Ley_Argentino"
"Peso Mexicano - $‎","https://colnect.com/es/coins/countries/currency/66-_-_Peso_Mexicano"
"Peso Moneda Corriente Argentino - $m/c‎","https://colnect.com/es/coins/list/currency/999-mc_-_Peso_Moneda_Corriente_Argentino"
"Peso Moneda Nacional Argentino - m$n‎","https://colnect.com/es/coins/countries/currency/1000-mn_-_Peso_Moneda_Nacional_Argentino"
"Peso Paraguayo - $‎","https://colnect.com/es/coins/countries/currency/1018-_-_Peso_Paraguayo"
"Peso Peruano‎","https://colnect.com/es/coins/countries/currency/1780-Peso_Peruano"
"Peso Puertorriqueño - $‎","https://colnect.com/es/coins/countries/currency/1344-_-_Peso_Puertorrique%C3%B1o"
"Peso República Centroamericana - $‎","https://colnect.com/es/coins/countries/currency/1953-_-_Peso_Rep%C3%BAblica_Centroamericana"
"Peso Salvadoreño - P‎","https://colnect.com/es/coins/countries/currency/1021-P_-_Peso_Salvadore%C3%B1o"
"Peso Uruguayo - $‎","https://colnect.com/es/coins/countries/currency/204-_-_Peso_Uruguayo"
"Petachina de los Estados italianos‎","https://colnect.com/es/coins/countries/currency/2722-Petachina_de_los_Estados_italianos"
"Petermenger alemán‎","https://colnect.com/es/coins/list/currency/2986-Petermenger_alem%C3%A1n"
"Petit denier, Bélgica‎","https://colnect.com/es/coins/countries/currency/2391-Petit_denier_B%C3%A9lgica"
"Pezza de la rosa de los Estados italianos‎","https://colnect.com/es/coins/countries/currency/2683-Pezza_de_la_rosa_de_los_Estados_italianos"
"Pezza de oro de los Estados italianos‎","https://colnect.com/es/coins/countries/currency/2684-Pezza_de_oro_de_los_Estados_italianos"
"Pfennig Alemán - Pf.‎","https://colnect.com/es/coins/countries/currency/954-Pf_-_Pfennig_Alem%C3%A1n"
"Pfennig bueno alemán‎","https://colnect.com/es/coins/countries/currency/2995-Pfennig_bueno_alem%C3%A1n"
"Pfennig de Alemania del Este - Pf.‎","https://colnect.com/es/coins/countries/currency/959-Pf_-_Pfennig_de_Alemania_del_Este"
"Pfennig de Bohemia‎","https://colnect.com/es/coins/countries/currency/2903-Pfennig_de_Bohemia"
"Pfennig de Danzig‎","https://colnect.com/es/coins/countries/currency/853-Pfennig_de_Danzig"
"Pfennig de Nueva Guinea Alemana - Pf.‎","https://colnect.com/es/coins/countries/currency/1595-Pf_-_Pfennig_de_Nueva_Guinea_Alemana"
"Pfennig suizo‎","https://colnect.com/es/coins/countries/currency/2317-Pfennig_suizo"
"Pfunder austrohúngaro‎","https://colnect.com/es/coins/countries/currency/2838-Pfunder_austroh%C3%BAngaro"
"Phan vietnamita‎","https://colnect.com/es/coins/countries/currency/2764-Phan_vietnamita"
"Piastra (o Piastre) tunecino‎","https://colnect.com/es/coins/countries/currency/2116-Piastra_o_Piastre_tunecino"
"Piastra Chipriota‎","https://colnect.com/es/coins/countries/currency/1307-Piastra_Chipriota"
"piastra danesa‎","https://colnect.com/es/coins/countries/currency/2228-piastra_danesa"
"Piastra de los Estados italianos‎","https://colnect.com/es/coins/countries/currency/2712-Piastra_de_los_Estados_italianos"
"Piastra de los Estados Pontificios‎","https://colnect.com/es/coins/countries/currency/2619-Piastra_de_los_Estados_Pontificios"
"Piastra de Sudán del Sur‎","https://colnect.com/es/coins/countries/currency/2060-Piastra_de_Sud%C3%A1n_del_Sur"
"Piastra Egipcio - pt‎","https://colnect.com/es/coins/countries/currency/1305-pt_-_Piastra_Egipcio"
"Piastra Indochina Francesa - p‎","https://colnect.com/es/coins/countries/currency/239-p_-_Piastra_Indochina_Francesa"
"Piastra Iraqi‎","https://colnect.com/es/coins/countries/currency/2268-Piastra_Iraqi"
"Piastra Libanesa‎","https://colnect.com/es/coins/countries/currency/913-Piastra_Libanesa"
"Piastra Saudí‎","https://colnect.com/es/coins/countries/currency/1566-Piastra_Saud%C3%AD"
"Piastra Siria‎","https://colnect.com/es/coins/countries/currency/1105-Piastra_Siria"
"Piastre Camboyano‎","https://colnect.com/es/coins/countries/currency/1899-Piastre_Camboyano"
"Piastre Jordano - pt‎","https://colnect.com/es/coins/countries/currency/672-pt_-_Piastre_Jordano"
"Piastre Libio‎","https://colnect.com/es/coins/countries/currency/1306-Piastre_Libio"
"Piastre Turco‎","https://colnect.com/es/coins/countries/currency/1296-Piastre_Turco"
"Picciolo de los Estados italianos‎","https://colnect.com/es/coins/countries/currency/2648-Picciolo_de_los_Estados_italianos"
"Pice Butanés‎","https://colnect.com/es/coins/countries/currency/1839-Pice_Butan%C3%A9s"
"Pice de Ceilán‎","https://colnect.com/es/coins/list/currency/2187-Pice_de_Ceil%C3%A1n"
"Pice de Mombasa‎","https://colnect.com/es/coins/countries/currency/2006-Pice_de_Mombasa"
"Pice del África Oriental‎","https://colnect.com/es/coins/countries/currency/1898-Pice_del_%C3%81frica_Oriental"
"Pice Indio‎","https://colnect.com/es/coins/countries/currency/1708-Pice_Indio"
"Pice paquistaní‎","https://colnect.com/es/coins/countries/currency/1942-Pice_paquistan%C3%AD"
"Pie Indio - P‎","https://colnect.com/es/coins/countries/currency/1417-P_-_Pie_Indio"
"Pie Paquistaní - P‎","https://colnect.com/es/coins/list/currency/1812-P_-_Pie_Paquistan%C3%AD"
"Pinigelis de Lituania‎","https://colnect.com/es/coins/countries/currency/2121-Pinigelis_de_Lituania"
"Piso Filipino - ₱‎","https://colnect.com/es/coins/countries/currency/1922-%E2%82%B1_-_Piso_Filipino"
"Pistola Escocesa‎","https://colnect.com/es/coins/countries/currency/1387-Pistola_Escocesa"
"Pistole alemán‎","https://colnect.com/es/coins/list/currency/3076-Pistole_alem%C3%A1n"
"Pistole irlandés‎","https://colnect.com/es/coins/countries/currency/2313-Pistole_irland%C3%A9s"
"Pistole suizo‎","https://colnect.com/es/coins/countries/currency/2518-Pistole_suizo"
"Pit tailandés‎","https://colnect.com/es/coins/countries/currency/2549-Pit_tailand%C3%A9s"
"Pitis de Palembang‎","https://colnect.com/es/coins/countries/currency/1452-Pitis_de_Palembang"
"Pitis del Estado de Brunéi‎","https://colnect.com/es/coins/countries/currency/1029-Pitis_del_Estado_de_Brun%C3%A9i"
"Pitis malayo‎","https://colnect.com/es/coins/countries/currency/2384-Pitis_malayo"
"Pitis tailandés‎","https://colnect.com/es/coins/countries/currency/2548-Pitis_tailand%C3%A9s"
"Pitis, Indias Orientales holandesas‎","https://colnect.com/es/coins/list/currency/2426-Pitis_Indias_Orientales_holandesas"
"Placas Sudanes - PT‎","https://colnect.com/es/coins/countries/currency/1683-PT_-_Placas_Sudanes"
"Plak neerlandés‎","https://colnect.com/es/coins/countries/currency/2825-Plak_neerland%C3%A9s"
"Planeta soldi de los Estados italianos‎","https://colnect.com/es/coins/countries/currency/2647-Planeta_soldi_de_los_Estados_italianos"
"Plappart suizo‎","https://colnect.com/es/coins/countries/currency/2521-Plappart_suizo"
"Plaqueta, Lieja‎","https://colnect.com/es/coins/list/currency/2372-Plaqueta_Lieja"
"Plemenitas croata‎","https://colnect.com/es/coins/countries/currency/2910-Plemenitas_croata"
"Polker de Transilvania‎","https://colnect.com/es/coins/list/currency/2555-Polker_de_Transilvania"
"Polker Polaco‎","https://colnect.com/es/coins/countries/currency/1488-Polker_Polaco"
"Polker, Livonia‎","https://colnect.com/es/coins/countries/currency/2360-Polker_Livonia"
"Poltina Rusa‎","https://colnect.com/es/coins/countries/currency/1847-Poltina_Rusa"
"Poltura de transilvania‎","https://colnect.com/es/coins/countries/currency/2553-Poltura_de_transilvania"
"Poltura Húngara‎","https://colnect.com/es/coins/countries/currency/1651-Poltura_H%C3%BAngara"
"Polturia de Transilvania‎","https://colnect.com/es/coins/list/currency/2562-Polturia_de_Transilvania"
"Polupoltinnik ruso‎","https://colnect.com/es/coins/countries/currency/2940-Polupoltinnik_ruso"
"Polushka Rusa‎","https://colnect.com/es/coins/countries/currency/1845-Polushka_Rusa"
"Possidonio de los Estados italianos‎","https://colnect.com/es/coins/list/currency/2706-Possidonio_de_los_Estados_italianos"
"Prager groschen de Bohemia‎","https://colnect.com/es/coins/countries/currency/2907-Prager_groschen_de_Bohemia"
"Principado español‎","https://colnect.com/es/coins/countries/currency/2955-Principado_espa%C3%B1ol"
"Protea de Sudáfrica‎","https://colnect.com/es/coins/countries/currency/2147-Protea_de_Sud%C3%A1frica"
"Pruta Israelí‎","https://colnect.com/es/coins/countries/currency/310-Pruta_Israel%C3%AD"
"Prutah del Imperio Romano‎","https://colnect.com/es/coins/countries/currency/2016-Prutah_del_Imperio_Romano"
"Pubblica de los Estados italianos‎","https://colnect.com/es/coins/countries/currency/2714-Pubblica_de_los_Estados_italianos"
"Pugesa española‎","https://colnect.com/es/coins/countries/currency/2958-Pugesa_espa%C3%B1ola"
"Pul Afgano - ؋‎","https://colnect.com/es/coins/countries/currency/636-%D8%8B_-_Pul_Afgano"
"Pul de la Horda Dorada‎","https://colnect.com/es/coins/countries/currency/1582-Pul_de_la_Horda_Dorada"
"Pula de Botswana - P‎","https://colnect.com/es/coins/countries/currency/93-P_-_Pula_de_Botswana"
"Puli de Georgia‎","https://colnect.com/es/coins/countries/currency/2124-Puli_de_Georgia"
"Pulo ruso‎","https://colnect.com/es/coins/list/currency/2902-Pulo_ruso"
"Pya de Myanmar - P‎","https://colnect.com/es/coins/countries/currency/899-P_-_Pya_de_Myanmar"
"Pysa de Zanzíbar‎","https://colnect.com/es/coins/countries/currency/1474-Pysa_de_Zanz%C3%ADbar"
"Qəpik de Azerbaiyán‎","https://colnect.com/es/coins/countries/currency/943-Q%C9%99pik_de_Azerbaiy%C3%A1n"
"Qindar ar albanés‎","https://colnect.com/es/coins/countries/currency/2793-Qindar_ar_alban%C3%A9s"
"Qindar leku albanés‎","https://colnect.com/es/coins/countries/currency/2792-Qindar_leku_alban%C3%A9s"
"Qindarkë Albanés - q‎","https://colnect.com/es/coins/countries/currency/902-q_-_Qindark%C3%AB_Alban%C3%A9s"
"Qiran Afgano‎","https://colnect.com/es/coins/countries/currency/2045-Qiran_Afgano"
"Qirsh Egipcio - Pt.‎","https://colnect.com/es/coins/countries/currency/845-Pt_-_Qirsh_Egipcio"
"Qirsh Jordano‎","https://colnect.com/es/coins/countries/currency/1783-Qirsh_Jordano"
"Quadrans del Imperio Romano‎","https://colnect.com/es/coins/countries/currency/1906-Quadrans_del_Imperio_Romano"
"Quadrupla de los Estados italianos‎","https://colnect.com/es/coins/countries/currency/2724-Quadrupla_de_los_Estados_italianos"
"Quadrupla de los Estados Pontificios‎","https://colnect.com/es/coins/countries/currency/2625-Quadrupla_de_los_Estados_Pontificios"
"Quan vietnamita‎","https://colnect.com/es/coins/countries/currency/2765-Quan_vietnamita"
"Quart de Gibraltar‎","https://colnect.com/es/coins/countries/currency/1283-Quart_de_Gibraltar"
"Quarto de los Estados italianos‎","https://colnect.com/es/coins/countries/currency/2645-Quarto_de_los_Estados_italianos"
"Quartos Españoles‎","https://colnect.com/es/coins/countries/currency/1385-Quartos_Espa%C3%B1oles"
"Quattrini de los Estados Pontificios‎","https://colnect.com/es/coins/countries/currency/1206-Quattrini_de_los_Estados_Pontificios"
"Quetzal Guatemalteco - Q‎","https://colnect.com/es/coins/countries/currency/62-Q_-_Quetzal_Guatemalteco"
"Quinarius del Imperio Romano‎","https://colnect.com/es/coins/countries/currency/1904-Quinarius_del_Imperio_Romano"
"Quirato español‎","https://colnect.com/es/coins/list/currency/2569-Quirato_espa%C3%B1ol"
"Rand Sudafricano - R‎","https://colnect.com/es/coins/countries/currency/33-R_-_Rand_Sudafricano"
"Rappen, Suiza‎","https://colnect.com/es/coins/countries/currency/2319-Rappen_Suiza"
"Rasi de las Indias holandesas‎","https://colnect.com/es/coins/countries/currency/2274-Rasi_de_las_Indias_holandesas"
"Reaal de Oro de los Países Bajos españoles‎","https://colnect.com/es/coins/countries/currency/1744-Reaal_de_Oro_de_los_Pa%C3%ADses_Bajos_espa%C3%B1oles"
"Real Argentino - R$A‎","https://colnect.com/es/coins/countries/currency/1121-RA_-_Real_Argentino"
"Real Azoreano - R‎","https://colnect.com/es/coins/countries/currency/1123-R_-_Real_Azoreano"
"Real Brasileño - R$‎","https://colnect.com/es/coins/countries/currency/94-R_-_Real_Brasile%C3%B1o"
"Real británico‎","https://colnect.com/es/coins/countries/currency/2970-Real_brit%C3%A1nico"
"Real Chileno‎","https://colnect.com/es/coins/countries/currency/1509-Real_Chileno"
"Real Colombiano‎","https://colnect.com/es/coins/countries/currency/1127-Real_Colombiano"
"Real Costa Riqueño‎","https://colnect.com/es/coins/countries/currency/1779-Real_Costa_Rique%C3%B1o"
"Real de Barbados‎","https://colnect.com/es/coins/countries/currency/2966-Real_de_Barbados"
"Real de Curaçao‎","https://colnect.com/es/coins/countries/currency/1119-Real_de_Cura%C3%A7ao"
"Real de la España Colonial‎","https://colnect.com/es/coins/countries/currency/1141-Real_de_la_Espa%C3%B1a_Colonial"
"Real de la República Centroamericana‎","https://colnect.com/es/coins/countries/currency/1126-Real_de_la_Rep%C3%BAblica_Centroamericana"
"Real de las Indias Portuguesas - R‎","https://colnect.com/es/coins/countries/currency/1773-R_-_Real_de_las_Indias_Portuguesas"
"Real de los Países Bajos españoles‎","https://colnect.com/es/coins/countries/currency/1750-Real_de_los_Pa%C3%ADses_Bajos_espa%C3%B1oles"
"Real de oro español‎","https://colnect.com/es/coins/countries/currency/2953-Real_de_oro_espa%C3%B1ol"
"Real Dominicano‎","https://colnect.com/es/coins/countries/currency/1902-Real_Dominicano"
"Real Ecuatoriano‎","https://colnect.com/es/coins/countries/currency/1128-Real_Ecuatoriano"
"Real Español‎","https://colnect.com/es/coins/countries/currency/1142-Real_Espa%C3%B1ol"
"Real guatemalteco‎","https://colnect.com/es/coins/countries/currency/1413-Real_guatemalteco"
"Real Hondureño‎","https://colnect.com/es/coins/countries/currency/1130-Real_Hondure%C3%B1o"
"Real malayo‎","https://colnect.com/es/coins/countries/currency/2386-Real_malayo"
"Real Mexicano‎","https://colnect.com/es/coins/countries/currency/1131-Real_Mexicano"
"Real Mozambiqueño - R‎","https://colnect.com/es/coins/countries/currency/1132-R_-_Real_Mozambique%C3%B1o"
"Real Paraguayo‎","https://colnect.com/es/coins/countries/currency/1133-Real_Paraguayo"
"Real Peruano‎","https://colnect.com/es/coins/countries/currency/1134-Real_Peruano"
"Real Salvadoreño‎","https://colnect.com/es/coins/countries/currency/1139-Real_Salvadore%C3%B1o"
"Real Venezolano‎","https://colnect.com/es/coins/countries/currency/1143-Real_Venezolano"
"Real, Indias Orientales holandesas‎","https://colnect.com/es/coins/countries/currency/2424-Real_Indias_Orientales_holandesas"
"Real, Lieja‎","https://colnect.com/es/coins/countries/currency/2370-Real_Lieja"
"Real, Nicaragua‎","https://colnect.com/es/coins/countries/currency/2446-Real_Nicaragua"
"Real, Puerto Rico‎","https://colnect.com/es/coins/countries/currency/2463-Real_Puerto_Rico"
"Reale de los Estados Italianos‎","https://colnect.com/es/coins/countries/currency/1436-Reale_de_los_Estados_Italianos"
"Reichsmark Alemán‎","https://colnect.com/es/coins/countries/currency/1321-Reichsmark_Alem%C3%A1n"
"Reichspfennig Alemán‎","https://colnect.com/es/coins/countries/currency/1599-Reichspfennig_Alem%C3%A1n"
"Reichsthaler alemán‎","https://colnect.com/es/coins/countries/currency/3014-Reichsthaler_alem%C3%A1n"
"Reis (antiguo) Portugués - R‎","https://colnect.com/es/coins/countries/currency/1596-R_-_Reis_antiguo_Portugu%C3%A9s"
"Reis (viejos) Brasileños - R‎","https://colnect.com/es/coins/countries/currency/1576-R_-_Reis_viejos_Brasile%C3%B1os"
"Reis Angoleño - R‎","https://colnect.com/es/coins/countries/currency/1682-R_-_Reis_Angole%C3%B1o"
"Reis de las Islas Madeira - R‎","https://colnect.com/es/coins/countries/currency/1817-R_-_Reis_de_las_Islas_Madeira"
"Reis de Santo Tomé y Príncipe - R‎","https://colnect.com/es/coins/countries/currency/2176-R_-_Reis_de_Santo_Tom%C3%A9_y_Pr%C3%ADncipe"
"Reis India Portuguesa - R‎","https://colnect.com/es/coins/countries/currency/2289-R_-_Reis_India_Portuguesa"
"Renminbi yuan Chino - ¥‎","https://colnect.com/es/coins/countries/currency/104-%C2%A5_-_Renminbi_yuan_Chino"
"Rentenpfennig Alemán - Rpf‎","https://colnect.com/es/coins/countries/currency/956-Rpf_-_Rentenpfennig_Alem%C3%A1n"
"Rial de Honduras Británica‎","https://colnect.com/es/coins/list/currency/2914-Rial_de_Honduras_Brit%C3%A1nica"
"Rial de Yemen del Norte‎","https://colnect.com/es/coins/countries/currency/1148-Rial_de_Yemen_del_Norte"
"Rial de Zanzíbar‎","https://colnect.com/es/coins/countries/currency/1165-Rial_de_Zanz%C3%ADbar"
"Rial Iraní - ﷼‎","https://colnect.com/es/coins/countries/currency/135-%EF%B7%BC_-_Rial_Iran%C3%AD"
"Rial Marroquí‎","https://colnect.com/es/coins/countries/currency/1147-Rial_Marroqu%C3%AD"
"Rial nazarana iranio‎","https://colnect.com/es/coins/list/currency/2309-Rial_nazarana_iranio"
"Rial Omaní - ر.ع.‎","https://colnect.com/es/coins/countries/currency/30-%D8%B1%D8%B9_-_Rial_Oman%C3%AD"
"Rial qatarí - ر.ق‎","https://colnect.com/es/coins/countries/currency/41-%D8%B1%D9%82_-_Rial_qatar%C3%AD"
"Rial Yemení - Rl‎","https://colnect.com/es/coins/countries/currency/59-Rl_-_Rial_Yemen%C3%AD"
"Riel Camboyano - ៛‎","https://colnect.com/es/coins/countries/currency/99-%E1%9F%9B_-_Riel_Camboyano"
"rigsbankdaler danés‎","https://colnect.com/es/coins/countries/currency/2223-rigsbankdaler_dan%C3%A9s"
"rigsbankdaler danés‎","https://colnect.com/es/coins/countries/currency/2226-rigsbankdaler_dan%C3%A9s"
"Rigsbankskilling (RBS o RBSK) de Dinamarca‎","https://colnect.com/es/coins/countries/currency/2034-Rigsbankskilling_RBS_o_RBSK_de_Dinamarca"
"Rigsdaler Danés‎","https://colnect.com/es/coins/countries/currency/1155-Rigsdaler_Dan%C3%A9s"
"Rijksdaalder Holandés‎","https://colnect.com/es/coins/countries/currency/1159-Rijksdaalder_Holand%C3%A9s"
"Riksdaler de San Bartolomé‎","https://colnect.com/es/coins/countries/currency/1894-Riksdaler_de_San_Bartolom%C3%A9"
"Riksdaler Sueco‎","https://colnect.com/es/coins/countries/currency/1158-Riksdaler_Sueco"
"Rin Japoneses‎","https://colnect.com/es/coins/countries/currency/1271-Rin_Japoneses"
"Ringgit Malayo - RM‎","https://colnect.com/es/coins/countries/currency/2042-RM_-_Ringgit_Malayo"
"Rixdaler, Indias Orientales holandesas‎","https://colnect.com/es/coins/list/currency/2431-Rixdaler_Indias_Orientales_holandesas"
"Rixdollar Ceilanés‎","https://colnect.com/es/coins/countries/currency/1161-Rixdollar_Ceilan%C3%A9s"
"Riyal árabe - ر.س‎","https://colnect.com/es/coins/countries/currency/52-%D8%B1%D8%B3_-_Riyal_%C3%A1rabe"
"Riyal Iraqi‎","https://colnect.com/es/coins/list/currency/2262-Riyal_Iraqi"
"Riyal yemení‎","https://colnect.com/es/coins/countries/currency/2782-Riyal_yemen%C3%AD"
"Riyal, Somalilandia francesa‎","https://colnect.com/es/coins/countries/currency/2479-Riyal_Somalilandia_francesa"
"Rolabasso de los Estados italianos‎","https://colnect.com/es/coins/countries/currency/2652-Rolabasso_de_los_Estados_italianos"
"Rose Noble de los Países Bajos españoles‎","https://colnect.com/es/coins/countries/currency/1751-Rose_Noble_de_los_Pa%C3%ADses_Bajos_espa%C3%B1oles"
"Royal D'or francés‎","https://colnect.com/es/coins/countries/currency/3008-Royal_Dor_franc%C3%A9s"
"Royal de Gibraltar‎","https://colnect.com/es/coins/countries/currency/1874-Royal_de_Gibraltar"
"Royal de las Islas Vírgenes Británicas‎","https://colnect.com/es/coins/list/currency/2010-Royal_de_las_Islas_V%C3%ADrgenes_Brit%C3%A1nicas"
"Royalin de las Indias Danesas‎","https://colnect.com/es/coins/countries/currency/1861-Royalin_de_las_Indias_Danesas"
"Rublo Armenio‎","https://colnect.com/es/coins/countries/currency/254-Rublo_Armenio"
"Rublo Bielorruso - Br‎","https://colnect.com/es/coins/countries/currency/86-Br_-_Rublo_Bielorruso"
"Rublo de Khorezm‎","https://colnect.com/es/coins/countries/currency/1992-Rublo_de_Khorezm"
"Rublo de Transnistria - р.‎","https://colnect.com/es/coins/countries/currency/198-%D1%80_-_Rublo_de_Transnistria"
"Rublo Ruso - ₽‎","https://colnect.com/es/coins/countries/currency/68-%E2%82%BD_-_Rublo_Ruso"
"Rublo soviético‎","https://colnect.com/es/coins/countries/currency/2734-Rublo_sovi%C3%A9tico"
"Rublo tayiko‎","https://colnect.com/es/coins/list/currency/2537-Rublo_tayiko"
"Rufiyaa de Maldivas - ރ.‎","https://colnect.com/es/coins/countries/currency/55-%DE%83_-_Rufiyaa_de_Maldivas"
"Rumi altin turco‎","https://colnect.com/es/coins/countries/currency/2583-Rumi_altin_turco"
"Rupi iraní‎","https://colnect.com/es/coins/countries/currency/2306-Rupi_iran%C3%AD"
"Rupia Afgana‎","https://colnect.com/es/coins/countries/currency/270-Rupia_Afgana"
"Rupia África Oriental Alemana‎","https://colnect.com/es/coins/countries/currency/1195-Rupia_%C3%81frica_Oriental_Alemana"
"Rupia Butanesa - Rs‎","https://colnect.com/es/coins/countries/currency/1174-Rs_-_Rupia_Butanesa"
"Rupia Ceilanesa - ரூ‎","https://colnect.com/es/coins/countries/currency/1762-%E0%AE%B0%E0%AF%82_-_Rupia_Ceilanesa"
"Rupia de Islas Cocos (Keeling)‎","https://colnect.com/es/coins/countries/currency/257-Rupia_de_Islas_Cocos_Keeling"
"Rupia de la Somalia Italiana‎","https://colnect.com/es/coins/countries/currency/1192-Rupia_de_la_Somalia_Italiana"
"Rupia de las Indias Francesas‎","https://colnect.com/es/coins/countries/currency/1178-Rupia_de_las_Indias_Francesas"
"Rupia de las Indias Portuguesas - Rp‎","https://colnect.com/es/coins/countries/currency/1186-Rp_-_Rupia_de_las_Indias_Portuguesas"
"Rupia de Maldivas‎","https://colnect.com/es/coins/countries/currency/2178-Rupia_de_Maldivas"
"Rupia de Mauricio - ₨‎","https://colnect.com/es/coins/countries/currency/158-%E2%82%A8_-_Rupia_de_Mauricio"
"Rupia de Mombasa‎","https://colnect.com/es/coins/countries/currency/1767-Rupia_de_Mombasa"
"Rupia de Seychelles - ₨‎","https://colnect.com/es/coins/countries/currency/183-%E2%82%A8_-_Rupia_de_Seychelles"
"Rupia de Sri Lanka - රු.‎","https://colnect.com/es/coins/countries/currency/187-%E0%B6%BB%E0%B7%94_-_Rupia_de_Sri_Lanka"
"Rupia del Golfo - R‎","https://colnect.com/es/coins/list/currency/1179-R_-_Rupia_del_Golfo"
"Rupia India - ₹‎","https://colnect.com/es/coins/countries/currency/91-%E2%82%B9_-_Rupia_India"
"Rupia India Holandesa‎","https://colnect.com/es/coins/list/currency/2277-Rupia_India_Holandesa"
"Rupia Indonesia - Rp‎","https://colnect.com/es/coins/countries/currency/134-Rp_-_Rupia_Indonesia"
"Rupia nazarana india‎","https://colnect.com/es/coins/countries/currency/2261-Rupia_nazarana_india"
"Rupia Nepalí - ₨‎","https://colnect.com/es/coins/countries/currency/167-%E2%82%A8_-_Rupia_Nepal%C3%AD"
"Rupia Pakistaní - ₨‎","https://colnect.com/es/coins/countries/currency/56-%E2%82%A8_-_Rupia_Pakistan%C3%AD"
"Rupia Tibetana‎","https://colnect.com/es/coins/countries/currency/1771-Rupia_Tibetana"
"Rupia yemení‎","https://colnect.com/es/coins/countries/currency/2781-Rupia_yemen%C3%AD"
"Rupia, Hejaz (Arabia Saudí)‎","https://colnect.com/es/coins/list/currency/2470-Rupia_Hejaz_Arabia_Saud%C3%AD"
"Rupia, Indias Orientales holandesas‎","https://colnect.com/es/coins/countries/currency/2434-Rupia_Indias_Orientales_holandesas"
"Rupia, Somalilandia francesa‎","https://colnect.com/es/coins/countries/currency/2478-Rupia_Somalilandia_francesa"
"Ruspone de los Estados italianos‎","https://colnect.com/es/coins/countries/currency/2737-Ruspone_de_los_Estados_italianos"
"Ryō, Japón‎","https://colnect.com/es/coins/countries/currency/2331-Ry%C5%8D_Jap%C3%B3n"
"Salung Tailandés‎","https://colnect.com/es/coins/countries/currency/1467-Salung_Tailand%C3%A9s"
"Salut D'or Francés‎","https://colnect.com/es/coins/countries/currency/3002-Salut_Dor_Franc%C3%A9s"
"Saluto de los Estados italianos‎","https://colnect.com/es/coins/countries/currency/2709-Saluto_de_los_Estados_italianos"
"Sanar Afgano‎","https://colnect.com/es/coins/countries/currency/1918-Sanar_Afgano"
"Santa Helena soberana‎","https://colnect.com/es/coins/countries/currency/3070-Santa_Helena_soberana"
"Santacroce de los Estados italianos‎","https://colnect.com/es/coins/countries/currency/2690-Santacroce_de_los_Estados_italianos"
"Santim búlgaro‎","https://colnect.com/es/coins/countries/currency/2919-Santim_b%C3%BAlgaro"
"Santim Etíope - Br‎","https://colnect.com/es/coins/countries/currency/646-Br_-_Santim_Et%C3%ADope"
"Santim Marroquí‎","https://colnect.com/es/coins/countries/currency/690-Santim_Marroqu%C3%AD"
"Santims Letón - s‎","https://colnect.com/es/coins/countries/currency/901-s_-_Santims_Let%C3%B3n"
"Sapeque de Indochina Francesa‎","https://colnect.com/es/coins/countries/currency/1613-Sapeque_de_Indochina_Francesa"
"Satang Tailandés - st‎","https://colnect.com/es/coins/countries/currency/644-st_-_Satang_Tailand%C3%A9s"
"Sceatta belga‎","https://colnect.com/es/coins/list/currency/2886-Sceatta_belga"
"Sceatta británico‎","https://colnect.com/es/coins/list/currency/2901-Sceatta_brit%C3%A1nico"
"Sceatta neerlandés‎","https://colnect.com/es/coins/countries/currency/2858-Sceatta_neerland%C3%A9s"
"Schild de oro neerlandés‎","https://colnect.com/es/coins/countries/currency/2854-Schild_de_oro_neerland%C3%A9s"
"Schreckenberger alemán‎","https://colnect.com/es/coins/countries/currency/3099-Schreckenberger_alem%C3%A1n"
"Schwaren Alemán‎","https://colnect.com/es/coins/countries/currency/1572-Schwaren_Alem%C3%A1n"
"Sechser de Transilvania‎","https://colnect.com/es/coins/countries/currency/2559-Sechser_de_Transilvania"
"Sechser suizo‎","https://colnect.com/es/coins/list/currency/2536-Sechser_suizo"
"Sechsling Alemán‎","https://colnect.com/es/coins/countries/currency/1573-Sechsling_Alem%C3%A1n"
"Sedicine de los Estados italianos‎","https://colnect.com/es/coins/countries/currency/2738-Sedicine_de_los_Estados_italianos"
"Seiseno, España‎","https://colnect.com/es/coins/countries/currency/2486-Seiseno_Espa%C3%B1a"
"Seiseno, Estados Españoles‎","https://colnect.com/es/coins/countries/currency/2491-Seiseno_Estados_Espa%C3%B1oles"
"Semis del Imperio Romano‎","https://colnect.com/es/coins/countries/currency/1876-Semis_del_Imperio_Romano"
"Sen Camboyano‎","https://colnect.com/es/coins/countries/currency/1153-Sen_Camboyano"
"Sen de Brunéi‎","https://colnect.com/es/coins/countries/currency/702-Sen_de_Brun%C3%A9i"
"Sen Indonesio‎","https://colnect.com/es/coins/countries/currency/1191-Sen_Indonesio"
"Sen Japoneses‎","https://colnect.com/es/coins/countries/currency/1270-Sen_Japoneses"
"Sen Malasio‎","https://colnect.com/es/coins/countries/currency/1160-Sen_Malasio"
"Sen tailandés‎","https://colnect.com/es/coins/countries/currency/2544-Sen_tailand%C3%A9s"
"Sene de Samoa - s‎","https://colnect.com/es/coins/countries/currency/1232-s_-_Sene_de_Samoa"
"Sengi de la República del Congo - S‎","https://colnect.com/es/coins/countries/currency/1539-S_-_Sengi_de_la_Rep%C3%BAblica_del_Congo"
"Seniti de Tonga - ¢‎","https://colnect.com/es/coins/countries/currency/980-%C2%A2_-_Seniti_de_Tonga"
"Sent Estonio - s‎","https://colnect.com/es/coins/countries/currency/893-s_-_Sent_Estonio"
"Sente de Lesoto - L‎","https://colnect.com/es/coins/countries/currency/942-L_-_Sente_de_Lesoto"
"Senti de Tanzania - c‎","https://colnect.com/es/coins/countries/currency/1216-c_-_Senti_de_Tanzania"
"Senti Somali‎","https://colnect.com/es/coins/countries/currency/1924-Senti_Somali"
"Senyal español‎","https://colnect.com/es/coins/countries/currency/2957-Senyal_espa%C3%B1ol"
"Sertum Butanes‎","https://colnect.com/es/coins/countries/currency/1838-Sertum_Butanes"
"Sesino de los Estados italianos‎","https://colnect.com/es/coins/countries/currency/2605-Sesino_de_los_Estados_italianos"
"Sestercio del Imperio Romano‎","https://colnect.com/es/coins/countries/currency/1887-Sestercio_del_Imperio_Romano"
"Sextino de los Estados italianos‎","https://colnect.com/es/coins/countries/currency/2637-Sextino_de_los_Estados_italianos"
"Sezzino de los Estados italianos‎","https://colnect.com/es/coins/countries/currency/2659-Sezzino_de_los_Estados_italianos"
"Shahi Afgano‎","https://colnect.com/es/coins/countries/currency/1917-Shahi_Afgano"
"Shahi de Irán‎","https://colnect.com/es/coins/countries/currency/2210-Shahi_de_Ir%C3%A1n"
"Shekel Fenicio‎","https://colnect.com/es/coins/countries/currency/2044-Shekel_Fenicio"
"Shekel israelí‎","https://colnect.com/es/coins/countries/currency/287-Shekel_israel%C3%AD"
"Shekel nabateo‎","https://colnect.com/es/coins/list/currency/3120-Shekel_nabateo"
"Sherifi altin turco‎","https://colnect.com/es/coins/countries/currency/2575-Sherifi_altin_turco"
"Shilling de Honduras Británicas - s‎","https://colnect.com/es/coins/countries/currency/2175-s_-_Shilling_de_Honduras_Brit%C3%A1nicas"
"Shilling estadounidense‎","https://colnect.com/es/coins/countries/currency/2614-Shilling_estadounidense"
"Sho nepalí‎","https://colnect.com/es/coins/countries/currency/2088-Sho_nepal%C3%AD"
"Sho Tibetano‎","https://colnect.com/es/coins/countries/currency/1469-Sho_Tibetano"
"Shu Japones‎","https://colnect.com/es/coins/countries/currency/1932-Shu_Japones"
"Sika Ashanti ghanés‎","https://colnect.com/es/coins/countries/currency/2243-Sika_Ashanti_ghan%C3%A9s"
"Silbergroschen alemán‎","https://colnect.com/es/coins/countries/currency/2609-Silbergroschen_alem%C3%A1n"
"Silbertaler, Suiza‎","https://colnect.com/es/coins/countries/currency/2508-Silbertaler_Suiza"
"Siliqua del Imperio Romano‎","https://colnect.com/es/coins/countries/currency/1920-Siliqua_del_Imperio_Romano"
"Sin Valor Facial - º‎","https://colnect.com/es/coins/countries/currency/529-%C2%BA_-_Sin_Valor_Facial"
"Singold, Singapur‎","https://colnect.com/es/coins/countries/currency/2475-Singold_Singapur"
"Singollar, Singapur‎","https://colnect.com/es/coins/countries/currency/2476-Singollar_Singapur"
"Skar Tibetano‎","https://colnect.com/es/coins/countries/currency/1468-Skar_Tibetano"
"Skilling Danés‎","https://colnect.com/es/coins/countries/currency/1408-Skilling_Dan%C3%A9s"
"Skilling India Occidental Danesa‎","https://colnect.com/es/coins/countries/currency/1406-Skilling_India_Occidental_Danesa"
"Skilling Noruego‎","https://colnect.com/es/coins/countries/currency/1450-Skilling_Noruego"
"Skilling, Puerto Rico‎","https://colnect.com/es/coins/countries/currency/2462-Skilling_Puerto_Rico"
"Skillingar Sueco‎","https://colnect.com/es/coins/countries/currency/1377-Skillingar_Sueco"
"Snaphaan neerlandés‎","https://colnect.com/es/coins/countries/currency/2827-Snaphaan_neerland%C3%A9s"
"Soberano andorrano‎","https://colnect.com/es/coins/countries/currency/2796-Soberano_andorrano"
"Soberano Australiano‎","https://colnect.com/es/coins/countries/currency/1628-Soberano_Australiano"
"Soberano Británico‎","https://colnect.com/es/coins/countries/currency/1648-Soberano_Brit%C3%A1nico"
"Soberano Canadiense‎","https://colnect.com/es/coins/countries/currency/2206-Soberano_Canadiense"
"Soberano chipriota‎","https://colnect.com/es/coins/countries/currency/2772-Soberano_chipriota"
"Soberano de África Oriental‎","https://colnect.com/es/coins/list/currency/2913-Soberano_de_%C3%81frica_Oriental"
"Soberano de Alderney‎","https://colnect.com/es/coins/countries/currency/2680-Soberano_de_Alderney"
"Soberano de Ascensión‎","https://colnect.com/es/coins/countries/currency/3074-Soberano_de_Ascensi%C3%B3n"
"Soberano de Jersey‎","https://colnect.com/es/coins/list/currency/2335-Soberano_de_Jersey"
"Soberano de las Islas Malvinas‎","https://colnect.com/es/coins/countries/currency/3096-Soberano_de_las_Islas_Malvinas"
"Soberano de oro de los Paises Bajos austriacos‎","https://colnect.com/es/coins/countries/currency/2062-Soberano_de_oro_de_los_Paises_Bajos_austriacos"
"Soberano de Pitcairn‎","https://colnect.com/es/coins/list/currency/3094-Soberano_de_Pitcairn"
"Soberano Gibraltareño‎","https://colnect.com/es/coins/countries/currency/2244-Soberano_Gibraltare%C3%B1o"
"Soberano Manx‎","https://colnect.com/es/coins/countries/currency/2299-Soberano_Manx"
"Soberano Saudí‎","https://colnect.com/es/coins/list/currency/2194-Soberano_Saud%C3%AD"
"Soberano Sudafricano‎","https://colnect.com/es/coins/countries/currency/1629-Soberano_Sudafricano"
"Soberano, España‎","https://colnect.com/es/coins/list/currency/2483-Soberano_Espa%C3%B1a"
"Soberano, Lieja‎","https://colnect.com/es/coins/list/currency/2376-Soberano_Lieja"
"Soberano, Nueva Zelanda‎","https://colnect.com/es/coins/countries/currency/2443-Soberano_Nueva_Zelanda"
"Soberano, Tristán de Acuña‎","https://colnect.com/es/coins/countries/currency/2444-Soberano_Trist%C3%A1n_de_Acu%C3%B1a"
"Soesling alemán‎","https://colnect.com/es/coins/list/currency/3035-Soesling_alem%C3%A1n"
"Sol alemán‎","https://colnect.com/es/coins/list/currency/3034-Sol_alem%C3%A1n"
"Sol Argentino - s‎","https://colnect.com/es/coins/countries/currency/1716-s_-_Sol_Argentino"
"Sol Boliviano‎","https://colnect.com/es/coins/countries/currency/1399-Sol_Boliviano"
"Sol de Gualalupe‎","https://colnect.com/es/coins/list/currency/2249-Sol_de_Gualalupe"
"Sol de los Paises Bajos austriacos‎","https://colnect.com/es/coins/countries/currency/2063-Sol_de_los_Paises_Bajos_austriacos"
"Sol de Luxemburgo‎","https://colnect.com/es/coins/countries/currency/1722-Sol_de_Luxemburgo"
"Sol de Mónaco‎","https://colnect.com/es/coins/countries/currency/1818-Sol_de_M%C3%B3naco"
"Sol de Reunión‎","https://colnect.com/es/coins/countries/currency/2057-Sol_de_Reuni%C3%B3n"
"Sol francés‎","https://colnect.com/es/coins/countries/currency/1868-Sol_franc%C3%A9s"
"Sol Geneva‎","https://colnect.com/es/coins/list/currency/2000-Sol_Geneva"
"Sol Haitiano‎","https://colnect.com/es/coins/countries/currency/2258-Sol_Haitiano"
"Sol Peruano - S/.‎","https://colnect.com/es/coins/countries/currency/285-S_-_Sol_Peruano"
"Sol Suizo‎","https://colnect.com/es/coins/countries/currency/2142-Sol_Suizo"
"Solde India Portuguesa‎","https://colnect.com/es/coins/list/currency/2294-Solde_India_Portuguesa"
"Soldo de los Estados Italianos‎","https://colnect.com/es/coins/countries/currency/1438-Soldo_de_los_Estados_Italianos"
"Soldo de los Estados Pontificios‎","https://colnect.com/es/coins/countries/currency/1481-Soldo_de_los_Estados_Pontificios"
"Soldo de Ragusa‎","https://colnect.com/es/coins/countries/currency/2759-Soldo_de_Ragusa"
"Soldo Malayo‎","https://colnect.com/es/coins/list/currency/1641-Soldo_Malayo"
"Soldo Suizo‎","https://colnect.com/es/coins/list/currency/1970-Soldo_Suizo"
"Solid del Principado de Moldavia‎","https://colnect.com/es/coins/countries/currency/1707-Solid_del_Principado_de_Moldavia"
"Solidi - Dinamarca‎","https://colnect.com/es/coins/countries/currency/2218-Solidi_-_Dinamarca"
"Solido alemán‎","https://colnect.com/es/coins/list/currency/2777-Solido_alem%C3%A1n"
"Solidus de Curlandia‎","https://colnect.com/es/coins/countries/currency/1490-Solidus_de_Curlandia"
"Solidus de Livonia‎","https://colnect.com/es/coins/countries/currency/1491-Solidus_de_Livonia"
"Solidus del Imperio Bizantino‎","https://colnect.com/es/coins/countries/currency/1998-Solidus_del_Imperio_Bizantino"
"Solidus del Imperio Romano‎","https://colnect.com/es/coins/countries/currency/1889-Solidus_del_Imperio_Romano"
"Solidus Polaco‎","https://colnect.com/es/coins/countries/currency/1489-Solidus_Polaco"
"Sols colonial francés‎","https://colnect.com/es/coins/countries/currency/1676-Sols_colonial_franc%C3%A9s"
"Sols de los Países Bajos españoles‎","https://colnect.com/es/coins/countries/currency/1752-Sols_de_los_Pa%C3%ADses_Bajos_espa%C3%B1oles"
"Sols, Lieja‎","https://colnect.com/es/coins/countries/currency/2366-Sols_Lieja"
"Som kirguís -  ‎","https://colnect.com/es/coins/countries/currency/143-_-_Som_kirgu%C3%ADs"
"Som Uzbeko‎","https://colnect.com/es/coins/countries/currency/205-Som_Uzbeko"
"Somalo de la Somalia Italiana - So.‎","https://colnect.com/es/coins/list/currency/1222-So_-_Somalo_de_la_Somalia_Italiana"
"Somoni Tajikistaní - SM‎","https://colnect.com/es/coins/countries/currency/195-SM_-_Somoni_Tajikistan%C3%AD"
"sosling danés‎","https://colnect.com/es/coins/countries/currency/2231-sosling_dan%C3%A9s"
"Sou Guayana Francesa‎","https://colnect.com/es/coins/countries/currency/1424-Sou_Guayana_Francesa"
"Sous - Guadalupe‎","https://colnect.com/es/coins/countries/currency/2251-Sous_-_Guadalupe"
"Sous, España‎","https://colnect.com/es/coins/countries/currency/2487-Sous_Espa%C3%B1a"
"Sovrano de los Estados italianos‎","https://colnect.com/es/coins/countries/currency/2687-Sovrano_de_los_Estados_italianos"
"Søsling Danés‎","https://colnect.com/es/coins/countries/currency/2217-S%C3%B8sling_Dan%C3%A9s"
"Speciedaler Noruego‎","https://colnect.com/es/coins/countries/currency/1224-Speciedaler_Noruego"
"Srang Tibetano‎","https://colnect.com/es/coins/countries/currency/1226-Srang_Tibetano"
"Stampee colonial francés‎","https://colnect.com/es/coins/countries/currency/2240-Stampee_colonial_franc%C3%A9s"
"Stater Británico‎","https://colnect.com/es/coins/countries/currency/1630-Stater_Brit%C3%A1nico"
"Stater de Grecia Antigua‎","https://colnect.com/es/coins/countries/currency/1775-Stater_de_Grecia_Antigua"
"Stater de Lydia‎","https://colnect.com/es/coins/countries/currency/1381-Stater_de_Lydia"
"Stater Indio‎","https://colnect.com/es/coins/list/currency/1502-Stater_Indio"
"Stebler, Suiza‎","https://colnect.com/es/coins/countries/currency/2511-Stebler_Suiza"
"Stiver Guayana Británica‎","https://colnect.com/es/coins/countries/currency/1955-Stiver_Guayana_Brit%C3%A1nica"
"Stiver guyanés‎","https://colnect.com/es/coins/countries/currency/2256-Stiver_guyan%C3%A9s"
"Stoter, Países Bajos españoles‎","https://colnect.com/es/coins/countries/currency/2504-Stoter_Pa%C3%ADses_Bajos_espa%C3%B1oles"
"Stotin Esloveno‎","https://colnect.com/es/coins/countries/currency/1256-Stotin_Esloveno"
"Stotinka Búlgaro - ст‎","https://colnect.com/es/coins/countries/currency/906-%D1%81%D1%82_-_Stotinka_B%C3%BAlgaro"
"Stuber Alemán‎","https://colnect.com/es/coins/countries/currency/1571-Stuber_Alem%C3%A1n"
"Stuiver belga‎","https://colnect.com/es/coins/countries/currency/2865-Stuiver_belga"
"Stuiver de Ceilán‎","https://colnect.com/es/coins/countries/currency/2185-Stuiver_de_Ceil%C3%A1n"
"Stuiver de Essequebo & Demerary‎","https://colnect.com/es/coins/countries/currency/1866-Stuiver_de_Essequebo_Demerary"
"Stuiver de las Antillas Holandesas‎","https://colnect.com/es/coins/countries/currency/2202-Stuiver_de_las_Antillas_Holandesas"
"Stuiver de las Indias Holandesas‎","https://colnect.com/es/coins/countries/currency/1619-Stuiver_de_las_Indias_Holandesas"
"Stuiver Holandés‎","https://colnect.com/es/coins/countries/currency/1575-Stuiver_Holand%C3%A9s"
"Stuiver, Indias Orientales holandesas‎","https://colnect.com/es/coins/countries/currency/2439-Stuiver_Indias_Orientales_holandesas"
"Styca británico‎","https://colnect.com/es/coins/countries/currency/3062-Styca_brit%C3%A1nico"
"Styver de Ceilán‎","https://colnect.com/es/coins/countries/currency/2189-Styver_de_Ceil%C3%A1n"
"Su Sudvietnamita‎","https://colnect.com/es/coins/countries/currency/1952-Su_Sudvietnamita"
"Sucre Ecuatoriano - S/.‎","https://colnect.com/es/coins/countries/currency/214-S_-_Sucre_Ecuatoriano"
"Sueldo, España‎","https://colnect.com/es/coins/countries/currency/2497-Sueldo_Espa%C3%B1a"
"Sukus, Indias Orientales holandesas‎","https://colnect.com/es/coins/list/currency/2430-Sukus_Indias_Orientales_holandesas"
"Sultani Argelino‎","https://colnect.com/es/coins/countries/currency/2048-Sultani_Argelino"
"Sultani Egipcio‎","https://colnect.com/es/coins/countries/currency/2108-Sultani_Egipcio"
"Sultani iraquí‎","https://colnect.com/es/coins/countries/currency/2266-Sultani_iraqu%C3%AD"
"Sultani tunecino‎","https://colnect.com/es/coins/countries/currency/2117-Sultani_tunecino"
"Sultani Turco‎","https://colnect.com/es/coins/countries/currency/2232-Sultani_Turco"
"Sultani, Libia‎","https://colnect.com/es/coins/countries/currency/2350-Sultani_Libia"
"Surre altin turco‎","https://colnect.com/es/coins/countries/currency/2582-Surre_altin_turco"
"Suverena de Bosnia y Herzegovina‎","https://colnect.com/es/coins/countries/currency/1603-Suverena_de_Bosnia_y_Herzegovina"
"Syli de Guinea - s‎","https://colnect.com/es/coins/countries/currency/284-s_-_Syli_de_Guinea"
"Szeląg Polaco‎","https://colnect.com/es/coins/countries/currency/1834-Szel%C4%85g_Polaco"
"Tael Chino‎","https://colnect.com/es/coins/countries/currency/1719-Tael_Chino"
"Tael de Hong Kong‎","https://colnect.com/es/coins/list/currency/2007-Tael_de_Hong_Kong"
"Taka Bengalí - ৳‎","https://colnect.com/es/coins/countries/currency/85-%E0%A7%B3_-_Taka_Bengal%C3%AD"
"Takka Indio‎","https://colnect.com/es/coins/countries/currency/1841-Takka_Indio"
"Tālā de Samoa - WS$‎","https://colnect.com/es/coins/countries/currency/1231-WS_-_T%C4%81l%C4%81_de_Samoa"
"Tala de Tokelau - $‎","https://colnect.com/es/coins/countries/currency/1470-_-_Tala_de_Tokelau"
"Talar Polaco‎","https://colnect.com/es/coins/countries/currency/1693-Talar_Polaco"
"Táler, Mónaco‎","https://colnect.com/es/coins/countries/currency/2401-T%C3%A1ler_M%C3%B3naco"
"Táler, Somalilandia francesa‎","https://colnect.com/es/coins/list/currency/2480-T%C3%A1ler_Somalilandia_francesa"
"Táler, Suiza‎","https://colnect.com/es/coins/countries/currency/2318-T%C3%A1ler_Suiza"
"Tálero de los Estados Italianos‎","https://colnect.com/es/coins/countries/currency/1521-T%C3%A1lero_de_los_Estados_Italianos"
"Tálero de los Países Bajos austríacos‎","https://colnect.com/es/coins/countries/currency/2889-T%C3%A1lero_de_los_Pa%C3%ADses_Bajos_austr%C3%ADacos"
"Tallero de Ragusa‎","https://colnect.com/es/coins/countries/currency/2755-Tallero_de_Ragusa"
"Tallero Eritreo‎","https://colnect.com/es/coins/countries/currency/1233-Tallero_Eritreo"
"Tambala de Malawi - t‎","https://colnect.com/es/coins/countries/currency/282-t_-_Tambala_de_Malawi"
"Tamlung tailandés‎","https://colnect.com/es/coins/countries/currency/2543-Tamlung_tailand%C3%A9s"
"Tanga de Ceilán‎","https://colnect.com/es/coins/countries/currency/2183-Tanga_de_Ceil%C3%A1n"
"Tanga de las Indias Portuguesas - T‎","https://colnect.com/es/coins/countries/currency/1368-T_-_Tanga_de_las_Indias_Portuguesas"
"Tangka Tibetano‎","https://colnect.com/es/coins/countries/currency/1234-Tangka_Tibetano"
"Tank armenio‎","https://colnect.com/es/coins/countries/currency/2015-Tank_armenio"
"Tanka Indio‎","https://colnect.com/es/coins/countries/currency/1515-Tanka_Indio"
"Tanka, Nepal‎","https://colnect.com/es/coins/countries/currency/2420-Tanka_Nepal"
"Tarì de los Estados Italianos‎","https://colnect.com/es/coins/countries/currency/1439-Tar%C3%AC_de_los_Estados_Italianos"
"Tarja, España‎","https://colnect.com/es/coins/countries/currency/2489-Tarja_Espa%C3%B1a"
"Taro Maltés (SMOM)‎","https://colnect.com/es/coins/countries/currency/1484-Taro_Malt%C3%A9s_SMOM"
"Tarra malayo‎","https://colnect.com/es/coins/countries/currency/2385-Tarra_malayo"
"Tatróbolo egipcio‎","https://colnect.com/es/coins/list/currency/2086-Tatr%C3%B3bolo_egipcio"
"Tek turco‎","https://colnect.com/es/coins/countries/currency/2603-Tek_turco"
"Tenga Bukharan‎","https://colnect.com/es/coins/countries/currency/1235-Tenga_Bukharan"
"Tenga Khwarazmi‎","https://colnect.com/es/coins/list/currency/1237-Tenga_Khwarazmi"
"Tenge Kazajo - 〒‎","https://colnect.com/es/coins/countries/currency/60-%E3%80%92_-_Tenge_Kazajo"
"Tennesi de Turkmenistán - T‎","https://colnect.com/es/coins/countries/currency/945-T_-_Tennesi_de_Turkmenist%C3%A1n"
"Terlina de los Estados italianos‎","https://colnect.com/es/coins/countries/currency/2639-Terlina_de_los_Estados_italianos"
"Ternar polaco‎","https://colnect.com/es/coins/countries/currency/2233-Ternar_polaco"
"Tessera de los Estados italianos‎","https://colnect.com/es/coins/countries/currency/2671-Tessera_de_los_Estados_italianos"
"Teston alemán‎","https://colnect.com/es/coins/list/currency/3032-Teston_alem%C3%A1n"
"Teston francés‎","https://colnect.com/es/coins/countries/currency/3011-Teston_franc%C3%A9s"
"Testón suizo‎","https://colnect.com/es/coins/countries/currency/2529-Test%C3%B3n_suizo"
"Teston, Lieja‎","https://colnect.com/es/coins/countries/currency/2374-Teston_Lieja"
"Testone de los Estados Italianos‎","https://colnect.com/es/coins/countries/currency/1524-Testone_de_los_Estados_Italianos"
"Testone de los Estados Pontificios‎","https://colnect.com/es/coins/countries/currency/1479-Testone_de_los_Estados_Pontificios"
"Tetartemorion de la antigua Grecia‎","https://colnect.com/es/coins/countries/currency/2976-Tetartemorion_de_la_antigua_Grecia"
"Tetarteron reducido del Imperio bizantino‎","https://colnect.com/es/coins/countries/currency/2694-Tetarteron_reducido_del_Imperio_bizantino"
"Tetra Dracmas India‎","https://colnect.com/es/coins/countries/currency/1514-Tetra_Dracmas_India"
"Tetrachalcón del Imperio seléucida‎","https://colnect.com/es/coins/countries/currency/3112-Tetrachalc%C3%B3n_del_Imperio_sel%C3%A9ucida"
"Tetrachalkon de Antigua Grecia‎","https://colnect.com/es/coins/countries/currency/3109-Tetrachalkon_de_Antigua_Grecia"
"Tetradrachm de la Grecia Antigua‎","https://colnect.com/es/coins/countries/currency/2098-Tetradrachm_de_la_Grecia_Antigua"
"Tetradrachm Egipcio‎","https://colnect.com/es/coins/countries/currency/2071-Tetradrachm_Egipcio"
"Tetradracma del Imperio Romano‎","https://colnect.com/es/coins/countries/currency/1965-Tetradracma_del_Imperio_Romano"
"Tetradracma iraní‎","https://colnect.com/es/coins/countries/currency/2912-Tetradracma_iran%C3%AD"
"Tetri de Georgia‎","https://colnect.com/es/coins/countries/currency/900-Tetri_de_Georgia"
"Tetrobol de la Grecia Antigua‎","https://colnect.com/es/coins/countries/currency/2099-Tetrobol_de_la_Grecia_Antigua"
"Thaler Alemán‎","https://colnect.com/es/coins/countries/currency/1601-Thaler_Alem%C3%A1n"
"Thaler austríaco‎","https://colnect.com/es/coins/countries/currency/2052-Thaler_austr%C3%ADaco"
"Thaler Austro-Húngaro‎","https://colnect.com/es/coins/countries/currency/1606-Thaler_Austro-H%C3%BAngaro"
"Thaler Bohemio‎","https://colnect.com/es/coins/countries/currency/1646-Thaler_Bohemio"
"Thaler de Hannover‎","https://colnect.com/es/coins/countries/currency/1244-Thaler_de_Hannover"
"Thaler de Liechtenstein‎","https://colnect.com/es/coins/countries/currency/2119-Thaler_de_Liechtenstein"
"Thaler de Livonia‎","https://colnect.com/es/coins/countries/currency/1975-Thaler_de_Livonia"
"Thaler de Polonia‎","https://colnect.com/es/coins/countries/currency/2191-Thaler_de_Polonia"
"Thaler de Transilvania‎","https://colnect.com/es/coins/countries/currency/1849-Thaler_de_Transilvania"
"Thaler holandés‎","https://colnect.com/es/coins/countries/currency/2836-Thaler_holand%C3%A9s"
"Thaler Húngaro‎","https://colnect.com/es/coins/countries/currency/1652-Thaler_H%C3%BAngaro"
"Thaler Prusiano‎","https://colnect.com/es/coins/countries/currency/1247-Thaler_Prusiano"
"Thebe de Botswana - t‎","https://colnect.com/es/coins/countries/currency/1113-t_-_Thebe_de_Botswana"
"Tical Camboyano‎","https://colnect.com/es/coins/countries/currency/1254-Tical_Camboyano"
"Tien Vietnamita‎","https://colnect.com/es/coins/countries/currency/1967-Tien_Vietnamita"
"Tilla Afgano‎","https://colnect.com/es/coins/countries/currency/1728-Tilla_Afgano"
"Timbre español‎","https://colnect.com/es/coins/countries/currency/2954-Timbre_espa%C3%B1ol"
"Tin Kazajo‎","https://colnect.com/es/coins/countries/currency/1238-Tin_Kazajo"
"Tirolino de los Estados italianos‎","https://colnect.com/es/coins/countries/currency/2668-Tirolino_de_los_Estados_italianos"
"Tiyin Uzbeko‎","https://colnect.com/es/coins/countries/currency/1221-Tiyin_Uzbeko"
"Toea de Papua Nueva Guinea - t‎","https://colnect.com/es/coins/countries/currency/873-t_-_Toea_de_Papua_Nueva_Guinea"
"Tögrög Mongol - ₮‎","https://colnect.com/es/coins/countries/currency/161-%E2%82%AE_-_T%C3%B6gr%C3%B6g_Mongol"
"Tola nepalí‎","https://colnect.com/es/coins/countries/currency/1870-Tola_nepal%C3%AD"
"Tólar Esloveno -  ‎","https://colnect.com/es/coins/countries/currency/218-_-_T%C3%B3lar_Esloveno"
"Tollero de los Estados italianos‎","https://colnect.com/es/coins/countries/currency/2685-Tollero_de_los_Estados_italianos"
"Toman afgano‎","https://colnect.com/es/coins/list/currency/2126-Toman_afgano"
"Toman Iraní‎","https://colnect.com/es/coins/countries/currency/1257-Toman_Iran%C3%AD"
"Tornese de los Estados Italianos‎","https://colnect.com/es/coins/countries/currency/1427-Tornese_de_los_Estados_Italianos"
"Tornesello de los Estados italianos‎","https://colnect.com/es/coins/countries/currency/2748-Tornesello_de_los_Estados_italianos"
"Tot Tailandés‎","https://colnect.com/es/coins/countries/currency/2540-Tot_Tailand%C3%A9s"
"Tournois doble de los Estados Pontificios‎","https://colnect.com/es/coins/list/currency/2630-Tournois_doble_de_los_Estados_Pontificios"
"Tra Malayo‎","https://colnect.com/es/coins/countries/currency/1638-Tra_Malayo"
"Tram, Armenia‎","https://colnect.com/es/coins/list/currency/2455-Tram_Armenia"
"Trambiyo Indio‎","https://colnect.com/es/coins/countries/currency/1483-Trambiyo_Indio"
"Tremisis belga‎","https://colnect.com/es/coins/countries/currency/2888-Tremisis_belga"
"Tremisse de los Estados italianos‎","https://colnect.com/es/coins/list/currency/2931-Tremisse_de_los_Estados_italianos"
"Tremissis del Imperio Bizantino‎","https://colnect.com/es/coins/countries/currency/1999-Tremissis_del_Imperio_Bizantino"
"Tremissis del Imperio Romano‎","https://colnect.com/es/coins/countries/currency/2894-Tremissis_del_Imperio_Romano"
"Trenet, Estados Españoles‎","https://colnect.com/es/coins/list/currency/2498-Trenet_Estados_Espa%C3%B1oles"
"Trentin, España‎","https://colnect.com/es/coins/countries/currency/2492-Trentin_Espa%C3%B1a"
"Treseta, España‎","https://colnect.com/es/coins/countries/currency/2488-Treseta_Espa%C3%B1a"
"Trichalkon Grecia Antigua‎","https://colnect.com/es/coins/list/currency/3117-Trichalkon_Grecia_Antigua"
"Trihemiobol de la Grecia Antigua‎","https://colnect.com/es/coins/list/currency/2092-Trihemiobol_de_la_Grecia_Antigua"
"Trillina de los Estados italianos‎","https://colnect.com/es/coins/countries/currency/2656-Trillina_de_los_Estados_italianos"
"Turco beshlik eshrefi altin‎","https://colnect.com/es/coins/list/currency/2579-Turco_beshlik_eshrefi_altin"
"Tyiyn Kirguís‎","https://colnect.com/es/coins/countries/currency/1220-Tyiyn_Kirgu%C3%ADs"
"Tympf polaco‎","https://colnect.com/es/coins/countries/currency/2774-Tympf_polaco"
"Uncia húngara‎","https://colnect.com/es/coins/countries/currency/2985-Uncia_h%C3%BAngara"
"Unicornio escocés‎","https://colnect.com/es/coins/countries/currency/2472-Unicornio_escoc%C3%A9s"
"Unidad Griega - u‎","https://colnect.com/es/coins/countries/currency/1702-u_-_Unidad_Griega"
"Unidad India‎","https://colnect.com/es/coins/countries/currency/1501-Unidad_India"
"Unidad Monetaria Europea (ECU) -  ₠‎","https://colnect.com/es/coins/countries/currency/1281-_%E2%82%A0_-_Unidad_Monetaria_Europea_ECU"
"Unidad Seléucida‎","https://colnect.com/es/coins/countries/currency/1697-Unidad_Sel%C3%A9ucida"
"Unidades - U‎","https://colnect.com/es/coins/countries/currency/1-U_-_Unidades"
"Unit Cambojano - U‎","https://colnect.com/es/coins/countries/currency/2234-U_-_Unit_Cambojano"
"Unit, Escocia‎","https://colnect.com/es/coins/countries/currency/2471-Unit_Escocia"
"Unite Británico‎","https://colnect.com/es/coins/countries/currency/2341-Unite_Brit%C3%A1nico"
"Unite de Tristán de Cunha‎","https://colnect.com/es/coins/countries/currency/2686-Unite_de_Trist%C3%A1n_de_Cunha"
"Unzen austríaco‎","https://colnect.com/es/coins/countries/currency/2983-Unzen_austr%C3%ADaco"
"Unzen, Suiza‎","https://colnect.com/es/coins/countries/currency/2507-Unzen_Suiza"
"Uthmani yemení‎","https://colnect.com/es/coins/countries/currency/2780-Uthmani_yemen%C3%AD"
"Vacquette francés‎","https://colnect.com/es/coins/list/currency/3023-Vacquette_franc%C3%A9s"
"Van Vietnamita‎","https://colnect.com/es/coins/countries/currency/1527-Van_Vietnamita"
"Varias monedas (solo juegos de monedas)‎","https://colnect.com/es/coins/countries/currency/2941-Varias_monedas_solo_juegos_de_monedas"
"Vatu de Vanuatu - Vt‎","https://colnect.com/es/coins/countries/currency/206-Vt_-_Vatu_de_Vanuatu"
"Vellón de oro belga‎","https://colnect.com/es/coins/list/currency/2878-Vell%C3%B3n_de_oro_belga"
"Venezolano Venezolano‎","https://colnect.com/es/coins/countries/currency/244-Venezolano_Venezolano"
"Vereinsthaler alemán‎","https://colnect.com/es/coins/countries/currency/2937-Vereinsthaler_alem%C3%A1n"
"Vereinsthaler de Hannover‎","https://colnect.com/es/coins/countries/currency/1259-Vereinsthaler_de_Hannover"
"Verier suizo‎","https://colnect.com/es/coins/list/currency/2523-Verier_suizo"
"Vienés de los Estados italianos‎","https://colnect.com/es/coins/countries/currency/2725-Vien%C3%A9s_de_los_Estados_italianos"
"Vierer austrohúngaro‎","https://colnect.com/es/coins/countries/currency/2823-Vierer_austroh%C3%BAngaro"
"Viet de Vietnam del Norte‎","https://colnect.com/es/coins/countries/currency/2763-Viet_de_Vietnam_del_Norte"
"Vintém portugués‎","https://colnect.com/es/coins/list/currency/3072-Vint%C3%A9m_portugu%C3%A9s"
"Vuurijzer belga‎","https://colnect.com/es/coins/list/currency/2864-Vuurijzer_belga"
"Vuurijzer neerlandés‎","https://colnect.com/es/coins/countries/currency/2857-Vuurijzer_neerland%C3%A9s"
"Werk Etíope‎","https://colnect.com/es/coins/countries/currency/2070-Werk_Et%C3%ADope"
"Whan, Corea‎","https://colnect.com/es/coins/list/currency/2464-Whan_Corea"
"Won Coreano‎","https://colnect.com/es/coins/countries/currency/457-Won_Coreano"
"Won Norcoreano - ₩‎","https://colnect.com/es/coins/countries/currency/141-%E2%82%A9_-_Won_Norcoreano"
"Won Surcoreano - ₩‎","https://colnect.com/es/coins/countries/currency/142-%E2%82%A9_-_Won_Surcoreano"
"Xerafim de la India portuguesa‎","https://colnect.com/es/coins/countries/currency/2944-Xerafim_de_la_India_portuguesa"
"Xu de Vietnam del Norte‎","https://colnect.com/es/coins/countries/currency/754-Xu_de_Vietnam_del_Norte"
"Xu Survietnamita - Đ‎","https://colnect.com/es/coins/countries/currency/756-%C4%90_-_Xu_Survietnamita"
"Xu Vietnamita‎","https://colnect.com/es/coins/countries/currency/1301-Xu_Vietnamita"
"Yang Coreano‎","https://colnect.com/es/coins/countries/currency/1266-Yang_Coreano"
"Yarim altin turco‎","https://colnect.com/es/coins/list/currency/2581-Yarim_altin_turco"
"Yarim kurus turco‎","https://colnect.com/es/coins/countries/currency/2607-Yarim_kurus_turco"
"Yarmaq de la Horda Dorada‎","https://colnect.com/es/coins/countries/currency/1463-Yarmaq_de_la_Horda_Dorada"
"Yen Japonés - ¥‎","https://colnect.com/es/coins/countries/currency/4-%C2%A5_-_Yen_Japon%C3%A9s"
"Yirmilik, de Turquía‎","https://colnect.com/es/coins/countries/currency/2214-Yirmilik_de_Turqu%C3%ADa"
"Yuan chino‎","https://colnect.com/es/coins/countries/currency/1901-Yuan_chino"
"Yuan chino fa‎","https://colnect.com/es/coins/countries/currency/3055-Yuan_chino_fa"
"Yüzlük turco‎","https://colnect.com/es/coins/list/currency/2988-Y%C3%BCzl%C3%BCk_turco"
"Zaire de la República de Congo - Z‎","https://colnect.com/es/coins/countries/currency/1542-Z_-_Zaire_de_la_Rep%C3%BAblica_de_Congo"
"Zaire Zaireño - Ƶ‎","https://colnect.com/es/coins/countries/currency/280-%C6%B5_-_Zaire_Zaire%C3%B1o"
"Zalat Yemení‎","https://colnect.com/es/coins/countries/currency/2066-Zalat_Yemen%C3%AD"
"Zarin de Osetia del Sur‎","https://colnect.com/es/coins/countries/currency/3069-Zarin_de_Osetia_del_Sur"
"Zecchino d'argento de los Estados italianos‎","https://colnect.com/es/coins/countries/currency/2743-Zecchino_dargento_de_los_Estados_italianos"
"Zecchino de los Estados italianos‎","https://colnect.com/es/coins/countries/currency/2616-Zecchino_de_los_Estados_italianos"
"Zecchino Maltés (SMOM)‎","https://colnect.com/es/coins/countries/currency/1486-Zecchino_Malt%C3%A9s_SMOM"
"Zeri istanbul turco‎","https://colnect.com/es/coins/countries/currency/2601-Zeri_istanbul_turco"
"Zeri mahbub argelino‎","https://colnect.com/es/coins/list/currency/2114-Zeri_mahbub_argelino"
"Zeri mahbub Egipcio‎","https://colnect.com/es/coins/countries/currency/2110-Zeri_mahbub_Egipcio"
"Zeri mahbub turco‎","https://colnect.com/es/coins/countries/currency/2600-Zeri_mahbub_turco"
"Zeri mahbub, Libia‎","https://colnect.com/es/coins/countries/currency/2354-Zeri_mahbub_Libia"
"Zhu chino‎","https://colnect.com/es/coins/countries/currency/3049-Zhu_chino"
"Zinsgroschen alemán‎","https://colnect.com/es/coins/countries/currency/3104-Zinsgroschen_alem%C3%A1n"
"Zloty Polaco - zł‎","https://colnect.com/es/coins/countries/currency/17-z%C5%82_-_Zloty_Polaco"
"Zolota Turco‎","https://colnect.com/es/coins/countries/currency/1960-Zolota_Turco"
"Zwolfer de Transilvania‎","https://colnect.com/es/coins/countries/currency/2560-Zwolfer_de_Transilvania"
